entity_id,period,revenue,ebitda_margin,leverage_ratio,interest_rate,capex_pct_revenue
0,0,74171225.16419919,0.46322684820277377,2.9373845917652184,0.04235588616264741,0.0693032152638477
0,1,65220183.18189963,0.514293422022438,5.852689448361639,0.0468995500531971,0.04136193608923884
0,2,76095547.58021761,0.6429479271764048,3.6828845467152704,0.058822102703091704,0.0746560560661099
0,3,55321316.98428174,0.6437128848893642,5.016985203609459,0.07749780080471154,0.07837548662171051
0,4,53495222.4763534,0.4649739824614727,3.4918122276449663,0.03183005325102225,0.06349069973412552
0,5,88392852.3421985,0.7495889169933574,4.762426316074816,0.05294130845832036,0.036987624180465487
0,6,86146976.5576857,0.6474244576857046,4.116394540371238,0.03539758093708899,0.058437059797644686
0,7,58817094.85896295,0.7276744771646725,4.09813796401707,0.042801844545373884,0.05767897003289979
0,8,87267671.03718214,0.8528903989230725,4.270434810142062,0.027800371446181395,0.04169697429326703
0,9,45454350.09184078,0.6811769587701438,4.690247629292057,0.049177312897111254,0.05031934307200353
0,10,78822582.60261199,0.7345252145249626,5.0843669769426985,0.035407886468417867,0.05505223875516818
0,11,79582013.44716357,0.7869749108967977,4.4043381469123215,0.024570706698931584,0.034382495965805046
0,12,38683362.46350458,0.7903860195243007,6.059073957343278,0.03663031175460413,0.06584450945794978
0,13,45197526.868011765,0.7699106512872846,2.4272154921691818,0.04643634137876421,0.0589609784470948
0,14,51770964.424195394,0.6711069313018969,4.5262225746281315,0.06590991901734118,0.062492330077741
0,15,43601451.67012105,0.5520797373497144,4.928245270979411,0.06322793078642372,0.059382228608885604
0,16,50835189.879688956,0.8681167227010366,4.233332763481472,0.02621976172147821,0.05411517184714501
0,17,74432671.68630117,0.9071733254332124,4.821253754812603,0.03194044101785809,0.05603362012357689
0,18,51400645.07151285,0.6994079083654556,3.2572154966090263,0.024664140708200256,0.06361200465199059
0,19,64262510.56005013,0.7455224257428504,3.0780674802995707,0.030515057499955915,0.057742623469574164
1,0,153834497.8153076,0.8052407251987579,4.9619411593270355,0.038891040769324446,0.04279825452838014
1,1,50530361.015914105,0.7499829605175842,4.691989936288126,0.039336930348292914,0.055942918019322455
1,2,110707339.54302737,0.5928396606016676,6.342907190395191,0.043065646320389527,0.07684065752668896
1,3,37986307.3667637,0.8644548531234026,6.253733150690643,0.029243039348566306,0.04551618364500474
1,4,84929386.13832133,0.7252203973901895,6.18897823357646,0.0418851249618593,0.06388293368064288
1,5,28916738.13326884,0.8947928522527628,4.099051871159025,0.0536523913739408,0.06694920019577709
1,6,66469423.11070308,0.5264596231709918,6.104877728931292,0.03891592598549592,0.07624042146560137
1,7,60036092.034625724,0.8933366386809102,4.773873996166686,0.08674714349231176,0.05980212766171864
1,8,46674225.77946373,0.800593950763852,5.947024345065881,0.03275416493748546,0.06984085441625809
1,9,27814955.123677004,0.801284197448807,5.848632876951173,0.03962564512041759,0.07337453158761625
1,10,36513108.89356873,0.9468846920877557,7.986080603088489,0.028682445779897297,0.05972168318782259
1,11,75272259.13992237,0.8738285790161093,5.021719289359942,0.036412366560359066,0.03768066975960293
1,12,37884085.592322454,0.6775718949134814,5.065846227054167,0.05523352049531758,0.04968152284160141
1,13,75580023.23889337,0.841926953262343,4.383256081903813,0.07637884589652749,0.05856163258713863
1,14,76617695.5951238,0.6125497613518069,5.9293715437066385,0.044105303964572184,0.0762420934509031
1,15,32676463.472038627,0.920156768881622,4.816460645227823,0.04140887867095716,0.06894981772890646
1,16,62997442.78222306,0.48613695111616456,4.215779682588379,0.042978887441834986,0.0433231658750423
1,17,56583850.03978371,0.2639946632171196,5.536593616437826,0.036936407289629256,0.04897320398634645
1,18,43091684.25410189,0.6106921067159865,5.9128942667732325,0.0465013471276611,0.07242802443868124
1,19,78263920.04365367,0.7923607792563576,5.687500721513824,0.028624534279998556,0.06473990644092492
2,0,60838877.61228703,0.5919525234639385,2.6135516932161114,0.03995162419628625,0.07794401229545403
2,1,53366195.64145218,0.9051216616634636,4.539338511451513,0.028297889734059323,0.03475245987822006
2,2,74387895.27281189,0.9853469276716431,4.5864402878790935,0.04615117239311207,0.05460766077877145
2,3,28765999.917502847,0.9102996407035129,4.94202793524079,0.05254818061450711,0.06871607080709216
2,4,90921356.44904147,0.7877073332785147,3.463985682312742,0.038997466204747776,0.03788058243124998
2,5,76542564.72841695,0.8261335124924916,3.6076941254249233,0.031851366132390965,0.06901507469546961
2,6,92041864.11076668,0.6071492616955931,5.164939801588912,0.08194523916258172,0.061853694199560376
2,7,29461388.01628213,0.8335118039651859,2.57728855072929,0.028001584972960493,0.052927404089927556
2,8,47790884.76527207,0.734936161027861,1.727875876040827,0.041432324226459066,0.04419542189320195
2,9,78904933.20870334,0.8699857359498803,5.412159702451024,0.043663769771280427,0.03144997516022347
2,10,49532060.00978402,0.5911771106956034,5.125400706878535,0.03763760341292468,0.030271491706435023
2,11,91496165.00096464,0.7980766641844129,3.686082671813788,0.051038765350387934,0.07638977150861402
2,12,71065747.86509651,0.8248726244051977,4.382298634955848,0.06118065506573249,0.061500592228819935
2,13,46970988.844729125,0.8208983447601745,5.464302023254322,0.06830522253753896,0.06057718029885348
2,14,76831939.24902707,0.6474520548933597,5.613956389882182,0.033996414566856384,0.03917666144401595
2,15,42802156.10140017,0.7027928867353703,4.9343062247146126,0.06057933180879887,0.0450671316257359
2,16,36370074.78765464,0.6744043491676867,4.3426349637559865,0.045258389089064856,0.053708436474130906
2,17,150698575.59406543,0.5807734180389936,4.899684447141906,0.040447159744871314,0.05059054482927851
2,18,47046756.18486226,0.7696936312965986,4.148170096021486,0.07288804455640682,0.04127964341021055
2,19,44685675.67205604,0.8045817227757612,5.2430053403704715,0.03681766414009843,0.057457219179983976
3,0,41583944.84633036,0.7036101583033705,4.60982421380785,0.04852059794015795,0.05518164625915496
3,1,61333513.6921876,0.8005993115887174,5.234983092660078,0.049770918613651224,0.07209966055197316
3,2,76028023.67831801,0.7582776943217004,2.3023126989418516,0.036858013900507025,0.07135867122603431
3,3,36106218.5658187,0.9019539146432558,0.9425653945900185,0.03462952447061594,0.07977322362918185
3,4,78135394.64181037,0.9094073794904847,4.619372967618887,0.03972279019995815,0.04045288293011207
3,5,75365343.38389413,0.6678760843020042,3.335820576418305,0.031232105315639865,0.07951608321631362
3,6,60822017.13534712,0.6594774101626886,4.809874587987235,0.06518117403753668,0.03753364869066201
3,7,45062057.8768835,0.9143839968070427,3.853474418858708,0.05751806527770568,0.05466449879253333
3,8,47935824.75106459,0.48486064014848956,4.195946917262382,0.038861335781785224,0.03290542408607237
3,9,43863170.41488803,0.7418956274030327,4.8557016009703915,0.07505921007981588,0.0552395741451749
3,10,58070405.058125354,0.8607609054949444,3.883474752275772,0.031221784896097168,0.04992762533507703
3,11,75053972.90357094,0.6049767298788856,4.3084220310935795,0.03351122427112425,0.05241036641284358
3,12,70787248.39266661,0.5186245452745321,4.727812071404932,0.02634579114547274,0.0610178854829022
3,13,108166254.39923038,0.7589702114668763,5.35727577915679,0.07421336373535177,0.05200443497636843
3,14,46969764.228229806,0.9067332509894888,6.68555862097573,0.02483434401620481,0.032047348014285985
3,15,55425889.24300761,0.6449289202639221,5.118492483480973,0.03427765255327078,0.034240963615591605
3,16,51083136.21910645,0.5448798170892789,2.47728321913823,0.047902400163576726,0.0354641145557279
3,17,72139365.97843948,0.7283004460881887,5.356584163778879,0.04382693731282623,0.04172675752206493
3,18,117326539.30983533,0.6495324408422738,5.065363552079916,0.0347340187740029,0.07478174406918484
3,19,113244194.22833316,0.3684556185919062,4.0136768814608015,0.02279870797966285,0.0498470033873917
4,0,58556977.939642556,0.627623702692672,2.7067132562168323,0.050275319892390855,0.07993716850333824
4,1,70335283.71795781,0.6051453319082748,2.975061494622498,0.024253326841884897,0.0496184546460897
4,2,56165565.87404744,0.6699168399173958,5.204711000163351,0.04486129328881314,0.05266399582500817
4,3,70488381.01165389,0.9632737203206941,3.4170922862489848,0.036783633241885605,0.07484983993864977
4,4,33189333.879987054,0.6466447614605543,5.441812843929762,0.04423278275978691,0.04496916457574128
4,5,38774288.429048695,0.48879740900655666,4.965243769514418,0.03877116886592066,0.05191931292920965
4,6,84311942.57539898,0.8718229729565413,5.448962065414787,0.06389669324060561,0.06264610632819992
4,7,55400019.78695837,0.6253257744605891,3.5079539436997265,0.032234276655719075,0.04230333057524692
4,8,44658026.86993957,0.4539124322470172,3.2630235356746153,0.04007164258190501,0.0330264225413268
4,9,44438486.88012717,0.6796347973824421,4.483623849845644,0.05031254116722504,0.07313822818704391
4,10,65343343.89583534,0.922830654171238,4.0788571413384265,0.029996214623611475,0.0430174271707625
4,11,103099751.93680444,0.6329589438446238,4.839104379503156,0.051313324285892574,0.0324284644923479
4,12,41958250.656906344,0.6968951366324696,4.833772471745553,0.04274238301643984,0.03941609874056759
4,13,90676003.74557509,0.37206885498391484,3.275252376583995,0.02333150648971985,0.030237069645593695
4,14,95280458.06245385,0.8876283596935135,4.513741550004785,0.03726206808587415,0.05272287151493289
4,15,149006764.22243604,0.9291710890019262,5.2675516913974825,0.04654962585682246,0.04081778476127007
4,16,84659548.2628494,0.7504459738125463,4.600345292892668,0.03449787373703229,0.06625916604254345
4,17,128665509.82463476,0.8245712431486943,4.51446381672219,0.043319135337906656,0.06465477134648508
4,18,76960012.1194934,0.7497660234495949,6.657073399973568,0.053304421224580144,0.036345498775925654
4,19,72530297.12561688,0.8842563154185612,3.6046820920169838,0.028012773912554544,0.04473775966013815
5,0,76783924.8202949,0.34878033944875847,5.731004211462286,0.041240848806448356,0.060538506661770915
5,1,42564046.20380113,0.5803296219981345,4.341325612162594,0.02806416555378779,0.05096361939504025
5,2,71620541.11905082,0.6780510172169881,3.7463206995295515,0.0447544611060636,0.04975036200202782
5,3,72394562.83641545,0.8251359499774688,3.1055045847188554,0.021601417645897795,0.06667474522814149
5,4,66428980.90447257,0.5562127745313675,4.975120649316988,0.0651170708269003,0.03523075484023876
5,5,56405509.35427788,0.715681377905221,6.704864010585024,0.03685434460705442,0.07896123168536398
5,6,66601029.3298176,0.838654517229415,8.314624415241042,0.05262235089434239,0.05045699888123986
5,7,96745961.56863643,0.5560201258117231,4.834291097414168,0.040933583784568225,0.03814357502772774
5,8,77826018.32207875,0.6988218750112948,4.429906507369581,0.04180222550987591,0.04390566784357439
5,9,91551548.48818402,0.6952064309204664,4.834637141576686,0.03012596408423953,0.07796661738178043
5,10,67335688.73738818,0.5008811756190622,4.37589586371044,0.04042144827646961,0.07508209267832192
5,11,95923335.70053469,0.8116068802231151,5.993936854375734,0.0358145217813949,0.03484889443527396
5,12,33211370.3261037,0.7213465073407558,4.125904403013063,0.055843724858337294,0.059211393003060914
5,13,46505112.75388452,0.7222946635269268,4.323069012098199,0.06564346883122009,0.07707694283690494
5,14,149696320.24254692,0.7046895829593393,3.5978929826238,0.045918370648421074,0.05249296499720631
5,15,51194001.24173873,0.6245155038322889,6.136114454502838,0.023185237247441343,0.0380627031425962
5,16,46418001.1356374,0.7713335458542395,4.296336244295546,0.04614981600910095,0.05172815423488451
5,17,67678919.96579657,0.560521269303164,4.871544098291,0.04864842065985894,0.04038586266757696
5,18,63392068.118121766,0.7818495916308725,5.0889200507925825,0.058431034213935036,0.05002256226226391
5,19,56952074.49359154,0.7106139734113215,2.4318439111134986,0.046678602041108117,0.07603329291367839
6,0,41244506.575284384,0.7466709550383807,4.497696176188384,0.04607019133365402,0.04059773055402713
6,1,69193040.62152386,0.634892533682921,4.193001514391012,0.03262561287095049,0.0529131020768257
6,2,66575336.87100691,0.6743077714766343,3.3003453255967425,0.029822972601552023,0.05305497150774538
6,3,55676307.26492629,0.48762731522419245,4.775378058556328,0.05082712692825151,0.07230037806539544
6,4,84544839.24205346,0.6320536975433607,5.544666731303671,0.06353161348592458,0.048316774427826815
6,5,111097988.44077797,0.6074115923737329,4.656917025493853,0.05218949443216061,0.06235358990716626
6,6,49046786.421618894,0.6961493403177796,5.304095090642628,0.036426729792622396,0.06314548571050477
6,7,76403345.41888364,0.6922833928766652,3.2459475484964373,0.030007331369164857,0.03646814017291372
6,8,58847493.40301245,0.6495699418282325,4.9917941487944315,0.04903800841593959,0.06506955506217162
6,9,56753319.107665956,0.45088912258666697,5.925161271265345,0.043318846461160146,0.06427138603805072
6,10,79722662.03152017,0.5235363820103097,5.466814367091001,0.04994766162027514,0.04611078369114691
6,11,96935624.50880416,0.880196706057855,3.854804907716373,0.04796797582651032,0.07216614428809895
6,12,78217573.03971815,0.5763349110339546,2.8472212133755592,0.0633933932708701,0.06224095971796453
6,13,77397788.60882515,0.7694804593431437,3.9522346269303332,0.057249885969653,0.03838497598388905
6,14,64096432.26435611,0.3860151591334934,4.263737161555309,0.02917669254595906,0.04950312950782646
6,15,34721939.109031975,0.42430368549748326,3.7960978979149194,0.06269898917987132,0.03348203182956973
6,16,61805378.00037457,0.7575245367589877,2.822268408241379,0.025653184558185983,0.03881781900040379
6,17,58780455.25349011,0.544902476960728,3.712734076030839,0.0588883433722426,0.0347599543480432
6,18,80022840.81930226,0.6640605962294872,5.21801645648986,0.04763908086647848,0.047666884753423386
6,19,86901796.45953247,0.3670539058101231,6.284877947623035,0.03757176974985907,0.05456287231956831
7,0,59639288.696512856,0.5759693528617826,4.922441366163509,0.030300588481298494,0.03264035507000552
7,1,65741662.840300314,0.6914512053392186,6.62560949072122,0.039575944766362676,0.03734318674107021
7,2,28375016.548023995,0.762946853443482,4.302074669524537,0.05999663958743733,0.04287259796619817
7,3,66645036.7579517,0.47163390399092675,2.0981451066735857,0.03463289765664475,0.0675745405285698
7,4,86533464.49888584,0.6318698532869644,4.720869397525878,0.054410249755006856,0.036860562889530615
7,5,52451882.80418284,0.7917279564717559,1.558953445751896,0.02664096391289992,0.0410398960604467
7,6,56780058.59491086,0.8569205539212961,7.44890891049107,0.06998478514173782,0.03132888824986459
7,7,56772731.1983199,0.6308727487779388,4.398179362005588,0.025221417245748903,0.05806115339450221
7,8,69681877.73494692,0.9202234652679326,3.5397459640777797,0.04928464900564962,0.030053373251137362
7,9,37861487.79939339,0.607968835745057,6.338134668721263,0.055147339880665905,0.07677709719213276
7,10,88636006.31651594,0.9505969156580567,6.281902544080621,0.02967399175663053,0.04034925798204199
7,11,54055526.66104531,0.8544299955879864,3.6451955227047494,0.03130889963083097,0.04786848117510271
7,12,73957741.59125781,0.8266350566671526,1.317949998096958,0.026959951738506967,0.035766321905549396
7,13,26697660.260007616,0.6112497705404266,4.99317909228105,0.051548490443950906,0.032208755147208064
7,14,80969280.019157,0.7200002827567946,3.8405368546439007,0.029105429842611726,0.05493197734381576
7,15,67971714.7311175,0.7607467107015407,5.241828857598361,0.0649306199869668,0.07330723031655101
7,16,43990463.374293886,0.7322160389015843,4.005420745851639,0.02369931680778042,0.04957459897653317
7,17,35189091.98936467,0.8945498473400046,3.6295301735904295,0.033757744576945484,0.04728654028813163
7,18,64655562.21326503,0.7416059630241063,5.45493361169308,0.03564496782019191,0.06777697712367137
7,19,62695513.516387515,0.5373433668001608,6.344358784701173,0.06296372200576723,0.049624236713247186
8,0,76226591.33049716,0.7739654234568569,4.936437780411556,0.03818132571864335,0.06717299806111926
8,1,27556633.254809648,0.46668599940940214,2.9083246760177417,0.04047907466804788,0.048653029377902654
8,2,91301689.28047028,0.8068259397336371,4.809168505105393,0.05253082874927742,0.0781789956111077
8,3,50396548.22400549,0.5982643599367885,1.444598238212564,0.04901059065089701,0.05408817756810858
8,4,59385400.1134126,0.2232053141321812,4.082971905367777,0.028609963905072866,0.06973752792087859
8,5,50121189.419374816,0.5117106359296963,4.951253243547134,0.026107917876656336,0.06450633847892298
8,6,48438061.669665925,0.909563895143335,5.660959527510013,0.044506508016075606,0.04071632014274933
8,7,62487449.23293701,0.9113279501739421,4.824114521036744,0.046124614915950615,0.07872085615544233
8,8,79194793.13689746,0.8160836984586629,5.013355677896559,0.046500012797057275,0.056730037564463764
8,9,43446514.68952191,0.9290969043298187,4.369025818126398,0.03778419317092822,0.07679370510055403
8,10,39163161.00845373,0.7000634917342872,3.8914736634861096,0.03604085971700825,0.049861665073641204
8,11,56450651.34286708,0.6949788542483282,4.952337342834447,0.029068610235797914,0.03471430267440035
8,12,108066137.73252825,0.7030587023108892,2.5736745034409187,0.040466159780069184,0.0697894282583485
8,13,82016426.59776422,0.5357561242865891,1.0595340554607078,0.03705946232532469,0.04931707286115909
8,14,32578416.96880068,0.8870254641888591,3.4010118272442744,0.033320794844072306,0.060611050429697624
8,15,52850454.60046568,0.5146086619406572,4.281000188819686,0.048444520307016126,0.07885963649571787
8,16,105372505.00399433,0.7829659480730532,5.333604733954091,0.044014861313378506,0.056860944184717
8,17,65429391.33108621,0.47355503373607993,6.013124788275581,0.06144408130960738,0.034528952926771966
8,18,160164095.4542649,0.8079390109198927,4.24870940755247,0.04582887989901749,0.046036705947672577
8,19,70598939.92644428,0.4837101459014372,5.394598687829979,0.037580182111222535,0.03939517895182383
9,0,46395945.30656162,0.5553902783007741,0.9532574107859162,0.028037980517172798,0.05389732903699155
9,1,50331898.54492115,0.5607997204087567,4.848048475780242,0.0818991994877282,0.05345025395063361
9,2,58082429.130889766,0.5915981295640389,4.025707025995834,0.06330153979405842,0.061896837212332245
9,3,164732851.3843096,0.6913820155850037,3.630466738178731,0.03155170132341971,0.05125408837570656
9,4,97505690.36530599,0.9126292194615454,2.378853464472743,0.0421232938938554,0.0399291831765654
9,5,65308560.80232693,0.4679646146458821,2.7514345044965323,0.03625408259256658,0.039883349112731975
9,6,78608574.08795853,0.7377677060622154,3.5286164173286805,0.05304671034389457,0.053920246304333896
9,7,74876241.04339793,0.7556291105441654,3.213958407765907,0.036659435956749704,0.05405615508815749
9,8,74709587.27958982,0.8227821972219833,3.7504759101417853,0.06066089749464211,0.03881777882089006
9,9,60327974.66934119,0.7834063107070113,4.658815807683207,0.04160120901614235,0.051941085090097434
9,10,93947070.07419933,0.4416553057604806,6.074430314663897,0.03708464349723173,0.0733586138303353
9,11,39538855.63231108,0.5508006121337753,4.295533891972666,0.02148483159074797,0.054715726676730886
9,12,81992971.76755458,0.9040275361577383,3.348686696229758,0.051035535119423985,0.07239184336118273
9,13,45258186.32884393,0.7448852331823256,4.3740502127997924,0.061369340893479174,0.07694026771035192
9,14,32207334.271156665,0.5844191988599687,3.630788976710159,0.034234670032624405,0.050143980425381485
9,15,37868665.6619927,0.544548631337734,4.325027450293421,0.03623927009918254,0.03700277023447453
9,16,47363855.66244567,0.7275877241896763,4.69447147087545,0.050737738413649085,0.0516257796621183
9,17,66323277.32987418,0.7183072292599665,2.9851328413714016,0.04112360763684837,0.058558368102787056
9,18,27080515.759067584,0.7869227812649455,3.6563171029226376,0.03932834159723352,0.06735379003149432
9,19,25706711.83419359,0.8596584475206476,2.808036356299349,0.038690882151393664,0.06452009772577508
10,0,76376712.63248509,0.7413052635795457,3.218887477146137,0.040095929447445354,0.03488939987227215
10,1,108886424.91828813,0.350877542804421,4.734315637775727,0.03818527121417918,0.07013603026441828
10,2,73683365.43478954,0.7006058588137376,5.138555248657726,0.09771241987190503,0.07233355252541218
10,3,74745906.76028395,0.6500961671220573,5.910607891810535,0.043184499125151765,0.07254985600260822
10,4,25707178.822759833,0.7214027679195436,3.5030761420735974,0.04258647724103767,0.03641466292555601
10,5,73531719.96266864,0.6944339763047161,4.2554617666505425,0.026217331735058382,0.07102529719293021
10,6,24999261.929772943,0.7815222505202626,5.90344577675266,0.03863500490248906,0.06934456907250139
10,7,53616044.64350376,0.8678684149823375,2.6193874912974637,0.045800615927921194,0.07803131428144164
10,8,88695400.05340272,0.8900280045795765,6.657945241107675,0.05827494091778951,0.03469039120038624
10,9,71813782.42299904,0.8358071071863272,2.5823371496679437,0.042448531331188755,0.04506601788313076
10,10,59950647.19399717,0.4749932375956946,4.163279463794323,0.025985909742646186,0.06559589052942894
10,11,52950891.23253716,0.7486454956981381,4.79753707302225,0.039069285778485965,0.07725741438353864
10,12,53014470.61449744,0.6545305830469258,4.992254418815461,0.035446511060275715,0.04228498714974905
10,13,32766400.127165217,0.8221893969638026,1.709554350150856,0.04376363030097026,0.05380669105452052
10,14,54768440.385806836,0.7819903690132748,1.7691163155338976,0.049405042545316996,0.03705136499750073
10,15,43790456.323392294,0.8216738896599637,2.8939411064113867,0.055809821408504635,0.036005531505069216
10,16,50370660.80514388,0.8499819869233954,3.864873231960128,0.04166818439112678,0.06154560038863275
10,17,63316190.47772543,0.9177735912551492,5.5975488647842155,0.027038316502585764,0.03848570525492803
10,18,47303669.441222034,0.5277965751466892,2.925836201067346,0.04985524380079374,0.07282048153278697
10,19,52127408.9273514,0.6339351478501442,3.757264136890364,0.03347651040399613,0.05844169026921595
11,0,101917744.78311858,0.4811890883161986,4.5845029527927466,0.0286426018300962,0.06373751781901116
11,1,51032181.21463764,0.647777396944409,5.51055235096516,0.030951740015393463,0.06714531549290412
11,2,54813453.2808461,0.4919455728439719,4.856299044883335,0.02721353648365866,0.05643287690541455
11,3,41926455.49019144,0.8273546216668345,3.3199008256091633,0.05010313687780061,0.05341602673471655
11,4,102325342.20137413,0.37409961987065443,4.490514581552117,0.04425232880694608,0.06846212906491107
11,5,31300206.653584257,0.7294584065386878,3.968385416110239,0.04027952979125154,0.04631191810820284
11,6,58132142.43108143,0.6972352037033246,5.652881169113357,0.0226896896296042,0.04119728327969791
11,7,73259723.28391026,0.8033726472116516,5.619166611589344,0.04713189590044427,0.06195136051323369
11,8,28259047.92910895,0.7118284914190635,5.308553272401309,0.05276848784206583,0.0792810550756004
11,9,46249260.39377122,0.7065678362183027,4.997539542032044,0.04848981467203123,0.05527514096785335
11,10,71688003.10593887,0.845728192565089,4.51318261623303,0.053060962441932584,0.07252604394606788
11,11,38875753.079416335,0.7148967712299741,5.29365382787005,0.033625760768356126,0.06279364304914203
11,12,58250593.36601963,0.8717019360266272,5.752492077264593,0.04586802907492291,0.06032831675977149
11,13,85347970.16760537,0.4443114381401327,4.688679412123432,0.038284518669029585,0.07519520943977395
11,14,56609576.90989518,0.8329800280513693,3.0667614231306493,0.02961892322311574,0.054703180183088854
11,15,87919441.49406855,0.9677533314286682,6.206527619908268,0.03554190009148043,0.03092189014375969
11,16,29409925.567735523,0.731026692439464,5.151429869373115,0.055429341394543113,0.053751122200218035
11,17,41667456.70904666,0.5754937142187762,5.0436225075746055,0.03561490266406823,0.07122077713417464
11,18,52597073.4193056,0.8307592097218698,3.1069056523359135,0.04115997523133524,0.0681509648388374
11,19,54410374.24079745,0.7013475821243302,0.9994081431635204,0.05825599409296391,0.06073683720941445
12,0,51319450.47176109,0.9477198880111048,5.7322868955847435,0.022903824831375583,0.05362343387822441
12,1,64228600.51735381,0.7914509350861264,5.378913371715406,0.02433722177823526,0.0531961143055025
12,2,46488974.50678832,0.630847108802408,3.105678712343895,0.03326723650060653,0.06093303059681588
12,3,39434539.96894163,0.9722518357652001,2.336572564298541,0.03252818741633327,0.04698679738745152
12,4,46339883.88235452,0.8392371968585478,3.7152442396356937,0.04348195689237491,0.07213659844032361
12,5,94416380.4149258,0.71217961518183,3.731411913773489,0.03758057110292214,0.03763450669207104
12,6,48946816.89002626,0.7884495229671606,5.455852836623996,0.037977922568050965,0.04398181645512651
12,7,68467929.55725189,0.765541981026534,4.760727789874348,0.06538416653658993,0.05282736614970261
12,8,70297727.56357108,0.7231543122590143,4.152149261430156,0.04326178263619743,0.04724156296994189
12,9,47559269.57624065,0.48192674028340676,5.658204591274399,0.04185099491902709,0.04424037943249447
12,10,74145131.74567735,0.4086581589344094,3.700946746655476,0.04643057684922264,0.037337161660382624
12,11,37433754.45753184,0.9257428480548499,5.2508106859153845,0.02789347195655047,0.07890228728939899
12,12,85456578.17886074,0.7117655492812696,3.707639860773613,0.048536224243354645,0.0765052759625062
12,13,66046662.38121794,0.6669011312121391,2.733825178410977,0.048293708463785834,0.0727737681708941
12,14,71282699.40031159,0.7700512263181537,4.02370339051465,0.042177197231167744,0.04000917152924298
12,15,54569065.45897641,0.7753550609703888,5.292044990148402,0.0724349372719796,0.05332546315691715
12,16,37819685.27332887,0.5416778504864604,3.152451541071444,0.051306398268423044,0.054730011198722645
12,17,104383255.53470762,0.8893455374954184,3.9085682773253287,0.023681432035421043,0.06551795960114146
12,18,42407759.20427348,0.5168329389739816,4.1291731617645,0.038702103565225715,0.060655470949706976
12,19,64816136.63857899,0.8239320408059146,2.1267011251594465,0.037685925983333514,0.03164049997488643
13,0,52197315.40663865,0.580452142012576,3.4018504086245986,0.0460595188003472,0.031260247356308106
13,1,41389179.232649416,0.6349522531501675,3.938428424010849,0.033749038690950424,0.06869697193188282
13,2,70989432.73832658,0.6753191877056867,5.441626459358024,0.0529316844828863,0.07646211220030749
13,3,31856193.55654774,0.9684569788968032,5.426249150843794,0.03748167810232228,0.06996114608295276
13,4,114989657.11186919,0.5845336624546134,5.095611641208878,0.05357736544167754,0.0432606728056283
13,5,79857437.81094736,0.6952973111248574,5.427047769099313,0.048148933264044534,0.0551256024667573
13,6,47505193.7923207,0.7139726405001748,3.8714726657505176,0.046267602434044014,0.07119561805253982
13,7,68285005.7731617,0.8471748983902807,4.078170317828048,0.0439228836578639,0.03849892605978929
13,8,74599020.39171563,0.8619128005149096,4.973085179330437,0.032848655485489264,0.03294242686662159
13,9,45033987.21870957,0.7920780635103088,5.3777908895291215,0.031618173028174164,0.07685257153352534
13,10,71823258.9861904,0.8806951017244735,3.607366887485239,0.03485838411799057,0.03520757469014358
13,11,110493067.5070023,0.6158275166359426,2.4489286753078137,0.03266297928886964,0.04573587237326816
13,12,46719497.97586552,0.8341387714003958,4.562037985714338,0.04709015135483847,0.03335778388674864
13,13,83570633.4122778,0.6626842028099643,3.297149105080539,0.024181899101341144,0.07381336165128996
13,14,62537561.01161915,0.6003363009482056,3.3827118144694763,0.03020513102933645,0.04272746573136411
13,15,70364740.87771164,0.5015733329501294,3.523931505183988,0.03467069218336587,0.06859302704219629
13,16,68088576.38813226,0.8226506973870209,5.025186808241168,0.04896025046537741,0.05145494357346284
13,17,90075376.17092296,0.5789168572141924,4.516677851199013,0.04090034867067242,0.05538384987308889
13,18,50642152.06118231,0.7133946208482007,3.547147749961376,0.029307919664863277,0.031821509784144164
13,19,69745859.20888157,0.7463071235951558,3.2069264053592095,0.027706943421584834,0.06518888472701123
14,0,45381182.19665048,0.639541377560059,4.13403213754428,0.05894283018801948,0.06540922433795587
14,1,37600616.565847345,0.8766233993750062,3.6064519722737245,0.04009870132698453,0.06647475439304895
14,2,43373846.839808054,0.97921522738181,3.0810593133522755,0.045031125435603114,0.051557547857055755
14,3,101324070.45954452,0.8758486278182509,4.266024136656256,0.04704189077875521,0.04437365092742115
14,4,83752844.69263886,0.7865238858061067,3.191463296939427,0.049261246556141676,0.03401386602020186
14,5,69077995.2774467,0.11096353849421871,2.119028132245205,0.05904674955418532,0.048836763910427336
14,6,102152381.79344954,0.7081435512542417,7.232916538267318,0.05454669805156248,0.03345699725036307
14,7,78504350.85424386,0.8660437388363469,5.613290879461446,0.08819149326097596,0.07177650990555459
14,8,53598935.69674246,0.8412799094520254,3.9783606315322393,0.045538708333440016,0.0697762763114301
14,9,142400272.9055174,0.6984337840267395,4.835089864720275,0.061460252714873854,0.07431674119665119
14,10,80072920.4613178,0.710172421662829,4.17552366948547,0.046228419369601634,0.04634491759384947
14,11,103605534.93517198,0.6591121718759928,6.263924677129477,0.04288823047279177,0.06469296671045008
14,12,45770738.37206995,0.5582836749833842,4.601593536879316,0.09350230109110086,0.03224401612381383
14,13,99911908.66251636,0.8245996243958957,4.273696640392788,0.0520016782438635,0.07956223140700139
14,14,61187508.66104619,0.5399858256842226,5.245921575745165,0.04030923113791671,0.07462707473975436
14,15,40870789.299140625,0.39030365453782756,6.385602979298842,0.06528451190647504,0.07872952066255529
14,16,57030341.20508742,0.5678720294732286,4.034654453340852,0.03127425983217279,0.07657309646544447
14,17,42276227.74966426,0.47094642101048134,1.5729004337128614,0.04742211463030849,0.06459235306428265
14,18,66789230.788893744,0.6063754669654605,3.8795829300547675,0.05004720464322894,0.07784857923153898
14,19,34500256.48397298,0.7956318988297026,5.34716369603858,0.02477385627217861,0.05697188793321947
15,0,46039692.835274294,0.6418711089052106,5.206443933858181,0.03565660721972747,0.06601080145013319
15,1,73475991.62441982,0.5675928169502711,2.5230044411430734,0.044477134797431345,0.05636998903290656
15,2,25421905.682974804,0.43702256358844155,2.7703790403191357,0.05686876085004575,0.05967281362949867
15,3,48739815.682650045,0.9700273369261352,4.163119918979146,0.06489187665812271,0.032518986914427714
15,4,68365216.09996955,0.8804936784176522,6.686466265611411,0.025818608623670667,0.0469152762301482
15,5,43691921.79619283,0.8731584879043567,2.488825504516314,0.030350855371540596,0.05010690374517769
15,6,97778544.66800667,0.6355863603321892,5.387631010095507,0.05212049284088899,0.05493000191960632
15,7,56489103.7635868,0.5582700443898095,4.016204787683941,0.04794691831024551,0.07685313624398507
15,8,55716472.91963424,0.8292040028844254,2.200083038978147,0.027936424052509314,0.07183203732032722
15,9,61722290.53914976,0.7484873094218764,6.087005197827747,0.04971663353144629,0.06130796429202346
15,10,54602459.62446715,0.5988315432139879,4.543776906737078,0.022159568914724946,0.061960632996825075
15,11,89063459.06189051,0.8417880884939138,4.457010304000853,0.03955396645226068,0.0554867329938222
15,12,68534101.53644939,0.802223991551783,3.657879664479861,0.0512923652107595,0.04469802354622855
15,13,101570528.21814612,0.9880502038626982,5.978250161147164,0.04811905801129337,0.043119423636681226
15,14,98293390.26133543,0.6472260989971147,4.930555300687505,0.053481355585253215,0.049803262563924366
15,15,51619789.551968925,0.7621484148784853,3.796181218896043,0.04089673155426411,0.07133874140069393
15,16,81989031.14132474,0.2638605464726126,5.152201335064692,0.03822983456839874,0.07180998754788877
15,17,140009320.61361164,0.8364984486169698,3.849619919728569,0.05752572311769678,0.050118544158609196
15,18,72411288.969568,0.5936858693691829,2.553689847803749,0.049013085616191464,0.07712523096167406
15,19,79565923.38728133,0.6586739619856641,3.9154637270217862,0.03712118701960343,0.06070994017717996
16,0,32802312.2790403,0.7920817993076008,1.9979660439841465,0.04580835765910631,0.04355689431175452
16,1,28355099.910301212,0.6031283329309429,4.555269766292539,0.06071569705743972,0.0414168115815963
16,2,103328881.24798346,0.5587743331945931,5.0632327915449284,0.08061242764543326,0.03412139947285634
16,3,118374659.44818477,0.6966584984955322,3.3434697753187335,0.059599467897249174,0.07114679385965486
16,4,44170048.153822444,0.7676248395415497,5.6932205617491825,0.041786392135914424,0.06647052297996521
16,5,74310672.19423255,0.49412449091458716,5.3555969104141194,0.025161109675736974,0.052643508285600896
16,6,107731596.60243934,0.609936250653404,6.193580383052055,0.03970211954858135,0.04970420447076291
16,7,105221881.0526122,0.6766963916389486,2.902947296863811,0.02471338251195009,0.060714092523578914
16,8,51588465.82661652,0.8054288290656231,5.61645342914747,0.03234263177337522,0.06728239956189289
16,9,49932247.29258741,0.6308793871434762,4.313840242583288,0.06117125271266259,0.04193926646793416
16,10,47359724.353850916,0.8689378784756354,4.5063874325420405,0.05738701869809541,0.07374254244025816
16,11,86449762.81717971,0.8471787216404402,3.7977738612875864,0.04863518910209697,0.049393201254131026
16,12,44555250.839813136,0.6624089401481518,3.883636487142108,0.044483433516103184,0.07859971713508851
16,13,43014391.432261884,0.6705213593344665,3.7968981474580983,0.04417699211932381,0.0578243045255397
16,14,61100094.137139045,0.8616512675404129,2.785421478928466,0.03590896494164875,0.03683316603894151
16,15,55961830.79509566,0.8111950987346737,6.223173749762131,0.03546127164242288,0.05300187424516063
16,16,59658854.58524794,0.695087441922594,5.0447947577363506,0.05900454070079762,0.06824060003055643
16,17,97782279.01751685,0.6420866717736274,4.21227478452769,0.059967812370006264,0.06620061260921742
16,18,39357664.11180993,0.6914304194521442,5.645217994910037,0.047291811532384605,0.05625466166724319
16,19,76844304.30771902,0.8343546902844282,5.923371002542597,0.043424103173640455,0.06376722353380943
17,0,77062239.8709637,0.34773883796922433,5.347839015477393,0.03985805837613171,0.04773626605982752
17,1,62049246.84508109,0.7186668596829235,3.196758536359023,0.042968419508447216,0.047570542569976906
17,2,32807096.32169903,0.8043153067735614,4.296539141159467,0.07081932839066979,0.03375697039660981
17,3,41126202.18187087,0.6766045002014681,4.016660470672512,0.0307050892804395,0.06851976915906635
17,4,175525948.0880413,0.7594250798338356,2.368358833384535,0.05534623052363412,0.06655149365742052
17,5,99774270.79908156,0.5678127896706692,4.027635034443547,0.02507907248807485,0.04412672006433555
17,6,101098298.67356381,0.5424662411664747,5.546370599662809,0.033096108463892174,0.07903787339541761
17,7,53041871.596359015,0.8816079874481164,6.603177065461127,0.052220198861384015,0.05313994689083926
17,8,96696731.04293035,0.8045497697453908,7.661688905298,0.04816000420780701,0.06934705679060618
17,9,79098044.42922866,0.7469392959545345,5.779173155691762,0.04574972781219596,0.06837537079904492
17,10,65944288.76724557,0.7979390684742157,4.369756040777812,0.03220160828902871,0.06304340979623997
17,11,101965825.63131282,0.8225222564382028,3.7277266500592225,0.037707954601273366,0.0361928440564651
17,12,93149014.15738532,0.6115140954138399,2.201321802637207,0.044311984053110445,0.04247740879693602
17,13,52278172.837306246,0.7437210315197944,4.508648472451644,0.034715233937804166,0.03467831928044003
17,14,89696996.71309215,0.9468945018643697,5.311174626968308,0.029916036022500744,0.03634293739808584
17,15,62676262.27888908,0.9301454120792075,5.664597577036477,0.030236451835031847,0.05100417826513959
17,16,62895583.356249556,0.6149793637425566,4.298551116688427,0.056632019958672196,0.03288005251894874
17,17,87989263.36018424,0.7650487393179926,5.443439122383497,0.05462821426532124,0.037749258905302834
17,18,116379575.25298862,0.8391603361668043,4.092473969272118,0.031212485189269182,0.05948949919279295
17,19,84574835.65333205,0.8362228100965087,5.112166458736129,0.06449252481035343,0.07409536085694637
18,0,82548533.90392752,0.7309283092130793,4.640376280828664,0.020799043342468605,0.041124112606436995
18,1,52963972.826977685,0.5962742377274862,5.402860479255214,0.05739740629409478,0.07376472418254243
18,2,74134143.51531598,0.8295066475052884,3.5189299220040415,0.04625827319971187,0.03059045440895023
18,3,50361144.82699378,0.5075621935970722,3.4646399765120757,0.05195196823147871,0.044173277512167874
18,4,37408172.29944434,0.8585549647329284,5.871107067348138,0.04100797115581602,0.07097639859421712
18,5,81617217.92384946,0.6893614229176594,4.9288379665868085,0.07304930445506978,0.06031253097250708
18,6,136574623.4982851,0.7567469070308138,2.972457085512321,0.03359638760781938,0.07109403603859313
18,7,94057994.43416823,0.9349513668954076,3.6046602204687286,0.052913473606547114,0.034903991354546623
18,8,100187524.65397339,0.9231253807727592,4.018494072816211,0.032542206017073076,0.03553751591982008
18,9,108913438.03185867,0.7586013402112415,6.420056737583529,0.04627007881334965,0.0654472259510809
18,10,104815062.28611723,0.6614601005630567,1.9461965496170257,0.030033697326935522,0.04570774440391712
18,11,68717869.05991429,0.9092758356369535,4.865322627376579,0.03268359741724977,0.042694554396119286
18,12,34622705.95834456,0.5878633448138088,5.7336642784790195,0.040115565187392434,0.04898596632408329
18,13,51980970.971224,0.8535928281738329,3.7678813607314634,0.08126004951230253,0.07432789568331391
18,14,121824599.68185337,0.8993080533567185,6.206750117745736,0.043419805295116326,0.040778535516510915
18,15,71756794.9367016,0.6359429389715661,7.368267252782164,0.03523840074077665,0.05048505382744973
18,16,40466250.35594901,0.902211109260838,5.325230622141339,0.07352264988113322,0.07345459352592645
18,17,59047688.59597482,0.5203721482909559,5.387557445983875,0.08273865120401314,0.06296570979582264
18,18,55480313.65852213,0.8261619101289372,5.7686271242896385,0.04566568205707261,0.07374115771370271
18,19,53087999.71545635,0.9098759203551289,4.515884007362004,0.05082941828485155,0.03977097942053112
19,0,46904320.21027469,0.677045470862703,4.928554411525585,0.05655594723699711,0.07688527162679898
19,1,69417162.689501,0.7390809171873223,4.35716579207985,0.031212357252196305,0.06366641537009776
19,2,71152791.72535653,0.6157722033539333,6.208271366718039,0.05495490260735049,0.039650376807938315
19,3,45744687.438004024,0.8847697406281682,3.930584479657153,0.033321437447646395,0.03214788136878223
19,4,105200681.89382398,0.7293266618306218,4.504959459185839,0.04402258829436167,0.03865119606716484
19,5,150682349.05253246,0.6114888546155569,5.424838538513716,0.059623056138319676,0.03918960349280541
19,6,65425748.88911013,0.35034592930694497,3.169436430074353,0.04366703145020623,0.03284566010642254
19,7,54388937.52841341,0.895902525843347,5.663291748897846,0.05909837152294345,0.06453235365525768
19,8,95529989.92365538,0.8431409818091871,3.712216671817531,0.07456932394136376,0.07922925207716405
19,9,43732119.41914419,0.5140694172509974,4.5535899371561595,0.0511755146812312,0.04286653435974916
19,10,39137750.936672226,0.45230710556774834,5.43543530492574,0.04443122585594934,0.04441592839052343
19,11,50289137.62286268,0.8933604532604548,4.722615967901692,0.05010150383639513,0.034704965331811236
19,12,72352293.34958717,0.7257000287021881,4.943647110766956,0.04981322866345145,0.05083520515412316
19,13,67035496.77002665,0.8526444908039331,5.778822209664058,0.04789377009209139,0.05951066371723124
19,14,60873087.45963608,0.8796906476327193,4.946790672072366,0.05237554360848255,0.06799631987970452
19,15,133643710.35150906,0.8744401197544727,4.339167335028761,0.03396339612693721,0.05196750309281126
19,16,191176061.98162556,0.8177953985004599,5.156000439139782,0.048143890020551736,0.04776021617980039
19,17,50731413.753304295,0.8463481418388208,3.0739333744820767,0.05609339815400384,0.047276849589500874
19,18,97043136.9066609,0.9462094848208573,4.712543796006036,0.04919973114874286,0.031865514620146376
19,19,44241682.16980531,0.45823809369198465,2.8584692671417646,0.03036909467419763,0.03358885465303844
20,0,56915483.27595752,0.7383348984613256,3.0832867922958114,0.03937039846716286,0.07798406095870636
20,1,39008421.04570943,0.7816578510882743,5.896194977167768,0.03718459844638835,0.0461913501231708
20,2,77950623.835007,0.6520533590997528,3.8419853545619778,0.041269226411505884,0.061423831510245906
20,3,87020932.9811516,0.5428817519746216,5.9499153905766,0.07967717857678032,0.05434910411524976
20,4,116196572.6744338,0.9529579770558692,3.789625430724024,0.03098125658962535,0.042796954094037186
20,5,83992168.06543876,0.32752312613355017,5.543713424597947,0.03524543616985129,0.05730270333740399
20,6,101841781.2651786,0.9178258778911065,3.476768262438216,0.04406288458275228,0.030623282991894103
20,7,79721432.60032238,0.921815364193003,4.723001493022698,0.05754506219749092,0.055323665524918963
20,8,37428172.556625366,0.7672115526818282,6.473162052280428,0.031336571428565344,0.05623337547217858
20,9,68543523.50360276,0.36170553948185175,4.974171382838071,0.01786645019119114,0.055149762661880083
20,10,57932151.708269924,0.7085938100341029,4.047368550253115,0.022936063965646954,0.03193613006144981
20,11,96440557.7306086,0.5435736593721423,5.422324518595643,0.034487747666759445,0.045903207355433975
20,12,48826984.1453812,0.6747940827639983,3.2657949108704765,0.03819147010735006,0.03675254023398873
20,13,53870879.873060234,0.6963451074050746,4.426892334350478,0.035706779948301084,0.03050646686707294
20,14,81825664.32857686,0.7656778117089907,5.1191501721214125,0.04714124615613253,0.04013388939338587
20,15,43855627.727292456,0.5873205242966826,4.665868110569163,0.05648593476940173,0.07870548094902911
20,16,61546995.70634147,0.5388546108441603,4.124215273310063,0.04283732995201656,0.03344137076581229
20,17,94493404.65104021,0.7519373753623763,4.1864827307504955,0.04099510359146341,0.05529877519555663
20,18,30884680.3762009,0.743836757035431,5.085589644965505,0.029490498386401633,0.061001577135583525
20,19,57123839.03109949,0.6925711664208192,4.221159312747875,0.044024469014345584,0.037709544109481574
21,0,81468078.05496514,0.5653255962740997,3.5331382000646494,0.03675257233829999,0.0792303688300465
21,1,51208454.993546255,0.6572044137670624,1.7889433469068665,0.04348463554204202,0.03939292740963405
21,2,79739496.34451112,0.6447908426967915,4.649636733181616,0.03775832671016764,0.07108203675060207
21,3,36364981.20092932,0.7788385822017505,4.164934896945979,0.030516009927475923,0.07511516024590137
21,4,71868163.3915104,0.8513425012195772,5.011348736183312,0.04047677655385304,0.0696510394300795
21,5,35331911.76250841,0.927844487959075,3.2434899350802544,0.048564423814452334,0.05047511684321944
21,6,45738377.978984416,0.7885694956425836,5.489925467536923,0.03291212577555935,0.06526200293959189
21,7,35809480.3799,0.33447898182433305,4.4515891361591855,0.021098462172910167,0.060501225422245605
21,8,69148285.01021782,0.6918488506947957,5.633299042248327,0.04246736777231995,0.058525457647279566
21,9,65870260.2662328,0.8640499491290213,4.950308973800083,0.04569569329479262,0.043903701986001145
21,10,139120996.39803034,0.6101722986843222,4.6285860874071885,0.027770632774730443,0.03860853318414621
21,11,50599400.379146226,0.4663440808175256,4.55581580425769,0.04155212205803247,0.05161626479345541
21,12,102195940.78524622,0.5492209923796633,4.454693958661763,0.025364791335944152,0.03821893629622218
21,13,142713085.22320917,0.8895009937472201,3.368208090756733,0.03806996363986776,0.05720490457411554
21,14,68389389.42822939,0.8341111504537947,6.976673442788002,0.06134371691765987,0.07259825178007953
21,15,115922262.69368336,0.8427797539336891,5.1605202131217425,0.027523130583569342,0.07629210894387253
21,16,27924074.543087225,0.7130909071702809,5.5672155045268195,0.05460802355482512,0.0706095275925596
21,17,93151426.73048265,0.7847617003075547,4.215288337083118,0.028333498325670742,0.05228663316798664
21,18,58655635.02029621,0.7634901215215669,5.7951787877185446,0.03802794330709046,0.06960116214148865
21,19,59565599.94732764,0.9363398989051986,6.4777345941886555,0.03860516086186304,0.04462972949245618
22,0,81682597.73280776,0.8635451469549461,5.79086756099303,0.04536687286250655,0.051915815470724394
22,1,78498055.24510694,0.6298825621621101,4.548403686665629,0.037116990160792625,0.04232379265417134
22,2,45436108.91780273,0.9495136014579413,4.3654033198672995,0.06511215463534575,0.06472663956431907
22,3,110751534.39341263,0.9210776485181313,4.098081555271671,0.052809073105316524,0.07177565187154972
22,4,70478604.4683576,0.7089403150758112,3.721128296350465,0.0659832085547646,0.07825710585286996
22,5,48431166.57658175,0.9150721383481857,2.455080449223113,0.053828983725152046,0.05671892216318053
22,6,60332492.1842801,0.8736362589770708,4.636044645630268,0.02796458368389808,0.0494667002795825
22,7,114091533.11190553,0.943828716432168,5.521033084631031,0.05067677272559753,0.03414681114340865
22,8,75928694.8132114,0.7016461422385908,2.894947568048527,0.049464749559411644,0.04056104972189825
22,9,67753051.16197802,0.4342459020964845,4.7438483200726855,0.03206798089107375,0.06953367958223047
22,10,64370362.585543305,0.7803638974304723,7.491286639966222,0.035855211805029256,0.05128562618734586
22,11,32282078.27920423,0.6584207637771226,5.467320260160164,0.024864028903560445,0.03461288204676863
22,12,89935805.40647322,0.8418668534054814,3.9438664636495244,0.02338130848501381,0.05870277528909107
22,13,105755189.25680202,0.7107625820224089,3.746907310546765,0.03127214396614928,0.07337989327865962
22,14,64003720.084193654,0.9348764203367727,5.256960196975224,0.05069448553385866,0.07673416139337051
22,15,50570627.54753071,0.899006476942605,6.103655349452189,0.04377035274023975,0.07809430506842953
22,16,35239008.9348108,0.905873614172627,2.7272306948192018,0.06246983647437815,0.03836456142021147
22,17,113459966.10186416,0.7028511279315761,5.362911655306004,0.04914340216668475,0.07282480004507959
22,18,59820544.50730967,0.8585269743721259,4.982928904012226,0.035834584881447265,0.034242922177746715
22,19,61371920.39268619,0.7672761610256355,4.664247984827262,0.047187087327239904,0.0763923950913907
23,0,82381238.66145457,0.21956914337163375,5.233009237364027,0.03317093340112458,0.05562764562705527
23,1,50967478.92173885,0.8386139333239306,4.821329036991013,0.02833051916410199,0.06962125501675892
23,2,187744764.66541564,0.8408286255244002,2.9132563249197787,0.05989500638658361,0.07664900133246356
23,3,49639585.132142544,0.8903797472362759,3.4301646543935567,0.032637100879210804,0.04107792496929651
23,4,80917775.96620944,0.620142256638198,4.166095477851393,0.04694094797368303,0.05076407068693957
23,5,61908658.096790835,0.8606461059908157,5.0339304750535465,0.0467280585861593,0.06330497767837862
23,6,66884734.17373118,0.66861662365869,6.164391275890606,0.0436539374606673,0.05154424487054264
23,7,73502880.67953974,0.6553246861079782,4.0502459102519,0.04163968561347604,0.056917239966650664
23,8,54016063.870579585,0.8872134304636801,3.5908659305493034,0.024415918352888116,0.053795621732876414
23,9,201213861.65754414,0.556766667442259,6.059216316664248,0.03745523792410365,0.06975137036480775
23,10,61148566.514303334,0.8548471029511897,4.32621850481376,0.027832341939991533,0.06527246656172889
23,11,32130277.327114824,0.6435116108815833,4.421945192737429,0.05789778529202097,0.04099450213675308
23,12,78488007.60342376,0.857200465745475,5.0044345510111485,0.0480182932765256,0.04718550384985348
23,13,45148674.964224435,0.6532280406103814,4.950129796505029,0.023383447598728208,0.04018446745400899
23,14,112748761.1996649,0.4348729252059285,3.9277391723600665,0.06486920076085716,0.07572996221858808
23,15,87651622.78947885,0.4521614001570483,3.233479462853155,0.05243192625818525,0.04273862120487683
23,16,57791814.373550884,0.6074689349245722,1.3498239790838373,0.0317606126666109,0.0500033278208938
23,17,63114099.76220874,0.8110317431596253,4.205398212317399,0.0575341096903648,0.07064526738478805
23,18,64030962.329944655,0.7950181347930384,5.978375283918027,0.039989983069285945,0.04979563395203511
23,19,57562307.69557383,0.6758992159943042,3.149731787544198,0.030493338678299668,0.04730004336190072
24,0,61151791.09670949,0.6075300273177825,4.33434350966216,0.037045739497465785,0.056571408608603505
24,1,37765431.51105268,0.45437727056033544,1.6989875493476343,0.03962893959244413,0.05488485647370529
24,2,92854702.80734424,0.7801688639342902,4.081956764119114,0.041896957492765924,0.04048803303067065
24,3,41464006.00949674,0.6776916536206025,5.356936498263961,0.028577724475609,0.03344694758662774
24,4,33055439.22119278,0.3551084336134026,5.17542950421887,0.04097722192364045,0.06473991556243805
24,5,53970311.19782284,0.5280832654033493,4.883464808068034,0.027583243073277065,0.03724912665985713
24,6,54001747.89414613,0.6874231083693737,4.567372008293001,0.0303692059104908,0.06259077605287872
24,7,59124639.70078431,0.8844745990058476,3.2323842437958508,0.04920540366140479,0.053337646295947005
24,8,37986859.73715633,0.8209361104999517,5.295031355737536,0.025817718242350525,0.030706328745492728
24,9,34370496.42209597,0.9496346581329859,2.7040074279325435,0.061162450782180425,0.04204885801315587
24,10,54281843.34449203,0.6321419646603548,3.7184446483678264,0.043561243965484255,0.038618361328212364
24,11,74718128.38385192,0.599568832943228,5.56602902980158,0.051664864336024734,0.06606350729619428
24,12,36995658.17188255,0.5307849841956954,5.819020792542373,0.045910843188244926,0.06314607555160438
24,13,106099926.63754699,0.5667003814609812,4.134791274098494,0.03170290450181361,0.045666270554724
24,14,107695700.12137452,0.9584309099396261,4.451886105474677,0.03277470298151915,0.05402799453994592
24,15,63944299.81087553,0.5381479672090934,3.588158489586102,0.054747257154980654,0.05735831354720504
24,16,47131396.7644335,0.7695630590193393,4.212634721860412,0.0320247900040159,0.07834099390411167
24,17,43238134.40467068,0.9072246362476294,4.781514697072124,0.06789708524769492,0.07550448370650995
24,18,73916026.94755042,0.655572914658828,4.892893314237048,0.03775294052894188,0.06246045132909602
24,19,37992466.21295351,0.8401821655831558,5.935953442784412,0.031041857922779796,0.05700709761665146
25,0,43416735.884110644,0.6110377971680933,5.713992496447976,0.037865448487745396,0.07179605404584212
25,1,39772166.64422705,0.7191039806699447,6.215744942964502,0.037169812859106185,0.04475200702482691
25,2,79231039.09659466,0.5857527041582455,5.324344401324979,0.06834744928184058,0.07576632638449808
25,3,62757198.821524635,0.8718062586462535,4.734457099126558,0.04543574646757548,0.05947531652017339
25,4,35427756.64476177,0.7564400787972981,4.297285012410314,0.04323600773627165,0.07982526298172794
25,5,54589008.931568615,0.8711572719872421,7.138617424178799,0.04054757192426289,0.05137145954242518
25,6,61251264.021086685,0.7495802015646391,3.3448434298968586,0.038976336589351776,0.04952424948842605
25,7,52353235.05643438,0.5808735112679635,4.978923846357904,0.03464921909884073,0.05175438754244216
25,8,76308288.36904126,0.7273628263909526,4.793927072453362,0.05608161034861418,0.052546237365799726
25,9,51066378.74945477,0.8617864059682684,4.387201470925458,0.020971644099598348,0.030970307524700876
25,10,61655491.98258839,0.8894129378754816,1.365365042016799,0.035285788087882325,0.06945266398035732
25,11,53543722.94819481,0.8089612950744847,5.731427601728237,0.0405213064527554,0.06497118551611564
25,12,33048955.793292254,0.36146627052877633,3.581573381855635,0.028567385971855517,0.03403858796036765
25,13,32415704.789342616,0.7219014716387385,5.177928784256178,0.04290707755594382,0.03875024811449192
25,14,137641760.43462843,0.9781315369038844,6.2625164935854984,0.04112866876180803,0.03950304433040656
25,15,82096510.67804408,0.8051539649194461,5.852331771854758,0.054606481592583134,0.05837751432740959
25,16,48962705.9192461,0.8335249699324355,5.396216172761154,0.03969723920718129,0.04672314461026093
25,17,58134853.623186156,0.5570882455142722,4.919726181258071,0.03989936698946808,0.07881004321790447
25,18,51462232.26242779,0.9252175702928966,4.324663162086546,0.11488931649730975,0.06276534250036453
25,19,56387048.928569354,0.8251750703176975,4.360560858768295,0.024234202591716127,0.031039341223792077
26,0,117483354.34729324,0.856064478263247,4.933437460864796,0.06089883950966309,0.03353253578855553
26,1,78798527.87337604,0.48815015714528376,4.229319574717675,0.04465652408785728,0.07084740321280733
26,2,43588114.42638889,0.5644028230373583,4.588387913990633,0.03258645961685332,0.07312391834917392
26,3,53524452.56132036,0.972281390578247,5.945409061927387,0.041742499953348736,0.04776822161601189
26,4,168480145.9524881,0.6729733795889361,3.626911581814327,0.07703483903308449,0.06023743566477954
26,5,91219101.59649071,0.6058674160585317,4.839944157780775,0.024926669818940695,0.0594643851832314
26,6,74575044.20032923,0.5591119696215954,6.167472310296074,0.03773393844129368,0.036281252277582735
26,7,93650703.86285847,0.8149248725215141,5.164651584334598,0.03916691347473153,0.07098692701411799
26,8,67013725.5814389,0.7790208786896928,4.036265085328299,0.06633033364296027,0.05754158325151333
26,9,242960745.93306667,0.5278590879111769,6.840166781010022,0.03335617371074631,0.07601811806474024
26,10,104530055.64801432,0.6008814406255543,5.2195014237484525,0.043339288754682806,0.031247385935332533
26,11,63624277.877481304,0.8863874550732999,3.5975564956172494,0.04357113769803329,0.07385876831894583
26,12,71566490.83721553,0.5720181691824484,3.979887618262189,0.0471093337501193,0.06457770735537094
26,13,47859788.44329817,0.6663989788344814,4.056653594611502,0.044491542245533956,0.07894043272235207
26,14,54476737.016869545,0.8583238385634399,4.911176639033764,0.05769358534201152,0.05560209667317273
26,15,39487721.60220367,0.334680670982872,4.035724139218496,0.05129588164026319,0.056099869352286794
26,16,56439843.55448733,0.7175004941564372,6.530778187341375,0.03290142438865437,0.040050807433878
26,17,62323075.25037927,0.9415752963263659,6.037600627757423,0.04168695773448403,0.037850566207589594
26,18,59140795.12739763,0.702052294771977,5.815370839626407,0.032820298192715064,0.07596110496845251
26,19,65929640.18914586,0.43395503161356,1.6463352446990398,0.04495423453862018,0.04285100078242289
27,0,66811114.522954665,0.7653783687180093,3.8495030433665987,0.030675042567524863,0.041421823585871355
27,1,49310964.72443876,0.7284427211119732,3.9690324685799867,0.055772152111683806,0.07509773450908971
27,2,82422070.90722632,0.7640971041725976,5.725852639177783,0.04847048720642124,0.04508927168728057
27,3,69764506.6668743,0.7317216479408925,5.846140981181506,0.03978234146367691,0.054467959831169394
27,4,52476137.83810493,0.9783314509538505,5.122923597548186,0.03839263834997019,0.04671367058571908
27,5,68037815.32944554,0.7124919159582386,4.0648668594757,0.03563738956705704,0.07846769443492932
27,6,75601372.73652755,0.8434628685442987,5.66248863830827,0.046630190245603824,0.04393082796040862
27,7,62152979.75028994,0.8639032082287079,6.625811138984096,0.05300848200290638,0.07850682556191202
27,8,35837140.199407384,0.9023103111781691,4.875047896779095,0.04700247104911333,0.0356049616213211
27,9,87654162.55699146,0.6007692534120049,6.416433431821179,0.04305472768880033,0.04787991051115379
27,10,42705236.15887976,0.594048809969846,3.9427058169225835,0.030070196180811536,0.05301977935465117
27,11,64398856.828819185,0.449598845612768,6.024051520712311,0.03473610459169126,0.055786509047938374
27,12,64218994.763976045,0.5560022787391292,3.597565533046129,0.038795410925112524,0.04226329215546498
27,13,107650388.76045306,0.5667465873844955,5.418411043363543,0.02660866926401681,0.06406947676519306
27,14,43944795.02406056,0.9360229669786798,2.707065197137466,0.040117326872092025,0.03450275188910799
27,15,81127374.10637441,0.6469763485956915,5.481684111929383,0.02680145332787608,0.04777595093176232
27,16,75019378.10268404,0.6752148507809562,3.206716370343284,0.046294803539190285,0.030081542381493243
27,17,114965928.29718165,0.7738780046432503,4.987364705646528,0.04865284826087869,0.07950728070278816
27,18,51200794.31008465,0.6776645079068466,4.435950186685787,0.05646681124942438,0.05768810471326131
27,19,97412940.50249647,0.8210561418906462,3.519589619109505,0.04457330922758522,0.07106870681638375
28,0,134120378.2036729,0.7391370856799445,3.8800502856303134,0.051172615945504464,0.06360078611497935
28,1,71576651.72712742,0.6979450306587142,3.7307809008149238,0.06775411197058975,0.0664909460531902
28,2,77909190.92792793,0.8421725423221184,3.3362183240858094,0.04491603213997095,0.061154262873511056
28,3,54221529.02892631,0.5581272414513853,5.80273128356887,0.027534925290823457,0.03531903246554838
28,4,49604081.191897444,0.9306415850985511,5.226630246269172,0.037676699002097865,0.03680137226104532
28,5,109222270.7096492,0.5000889183392442,4.308464798975193,0.03737804555178259,0.03546355830163777
28,6,43034040.62576721,0.7532463221697926,3.075212269125271,0.0379739799987622,0.062425614920256896
28,7,49542231.47773644,0.8040217565768619,2.7013256644678294,0.0406678313191452,0.05368838759157864
28,8,45543477.68934507,0.6622795104197872,4.826800081353994,0.023380817809732685,0.07222067733296217
28,9,82300192.22322921,0.7832125999079728,4.663987807504599,0.03188172239094669,0.05871486439827758
28,10,50072574.191462494,0.39118624517654565,4.931653798684928,0.046827515895565844,0.07054493761669801
28,11,39713690.29249781,0.7458925546623119,5.1014499925370576,0.042232341698921615,0.0355682486393294
28,12,70530562.51409666,0.8913597625399557,4.376896864549704,0.06671326352234021,0.07984547123050202
28,13,38347850.700446345,0.6116115134869566,3.422378695902956,0.019614205121894046,0.06635078706341856
28,14,89020586.53694959,0.6788515050738018,4.145739951455207,0.046901034226762915,0.07887529920644656
28,15,119716948.14907445,0.5635150321646336,6.355075775734377,0.04380626014151003,0.038367863465552446
28,16,88884412.48372285,0.7615980670349642,6.768550791929342,0.05093431017723047,0.05533055698799268
28,17,64254989.067748904,0.7565273034398114,6.056468635789391,0.028953753808244574,0.07021384163887873
28,18,68273844.72963831,0.9167827794469511,6.490676601133575,0.017532410225088176,0.07546506578201354
28,19,195782612.8711323,0.7898516540579525,5.515350295086727,0.07078208131024247,0.06895692576718054
29,0,52909035.13751396,0.9092509838688684,2.6218459265995193,0.03115023321816293,0.03983364131441482
29,1,74424415.47458017,0.7954154854904881,3.773460614553642,0.06430341130395043,0.03326078349497681
29,2,93396962.8757096,0.8519134931308864,3.5818846477230997,0.042895313316243654,0.06294083834087105
29,3,44998910.06769421,0.8612484947089546,4.399412974197643,0.03142104834502476,0.030302905856512585
29,4,51217677.704113916,0.7002138359777644,3.6664087759453685,0.08683136346372694,0.07581510169574907
29,5,110633340.52915768,0.886785433320138,4.377201483080008,0.03565600573462687,0.05455409132472902
29,6,69762473.11495852,0.7052167516005701,3.3725247097766893,0.02934544012568578,0.07213246203352675
29,7,68364251.97706255,0.7818749774467768,2.960222636875608,0.02598785096698395,0.050430038381362514
29,8,51796319.46322474,0.7865072278617885,4.354765901064029,0.04542468183484475,0.05140140907908431
29,9,63239728.01085367,0.7176739131208926,2.32489396011763,0.04417959254722191,0.06324518395207386
29,10,82651119.95572852,0.87210204236489,5.01173689943793,0.034449192304046666,0.05968065956589827
29,11,46124452.677355036,0.5348260565531873,4.844856851572261,0.04269974517163149,0.036148538631602625
29,12,45690932.390320204,0.6943302501906565,4.114157058415287,0.029679567323545996,0.03689497912059826
29,13,57618293.26050481,0.3980541888750047,4.033999316240824,0.04071711708718442,0.0343372884144002
29,14,94105808.81190802,0.8322447257726359,4.374256015622628,0.03981498585910804,0.04357197087821881
29,15,72636617.49398164,0.9096089862772989,5.53967688042912,0.04394119518349916,0.05167098777542534
29,16,37065630.799096756,0.8364314664325012,3.3156242930447135,0.03460014841233547,0.04937502677693842
29,17,205918131.9792043,0.5872980137551773,3.3129650740431855,0.0560184646470443,0.035452715324121566
29,18,124566472.80162564,0.48884774626692334,5.284737385107529,0.037964371092395324,0.0645996683193257
29,19,46734365.63819582,0.5817937674075682,5.972749375970631,0.031585339290727286,0.03899432323512639
30,0,67469620.5404655,0.5489134662109012,5.195123774278573,0.024290002147835228,0.03602887205079935
30,1,88032923.8562591,0.8530505691113219,5.515408155633435,0.03564169596681358,0.050396229719067105
30,2,66326835.53337967,0.6451694330143711,2.9059257534442686,0.07376230947412825,0.06583326852322643
30,3,52306079.57341658,0.788274415524554,4.452285322286191,0.042957062791512776,0.04818984910823183
30,4,139329267.78283736,0.9072072530539648,3.693220960415503,0.06334984172450216,0.05657523659213743
30,5,88918608.20977846,0.7127607306663355,2.2321768091638576,0.02746894825681294,0.041895494333216536
30,6,42499342.02862627,0.7788103728103382,3.2784135314787823,0.05843303507260436,0.03793742900973816
30,7,70772924.90082304,0.8278238197059276,5.541812135672002,0.05343497553457033,0.03155779054133352
30,8,48884809.12649049,0.7687020683995395,2.385599715595665,0.037991111869825546,0.05325509642320479
30,9,36529963.587466404,0.7096959993248493,5.214343272405648,0.04978140216288356,0.045360056681615656
30,10,46355501.1586825,0.792287371063481,4.614834453115507,0.02854544292962928,0.06518849038830249
30,11,38235754.961895324,0.6859884133548355,5.194077837620207,0.047686764111809,0.04090745922805157
30,12,52876748.20832436,0.7984643242117206,4.081472782558437,0.043622503639098,0.06509408602072957
30,13,61297920.70853947,0.9507191278190487,3.4996849403161243,0.03154152097014019,0.05532723891615027
30,14,83960551.30970338,0.872970651563975,4.584707490500805,0.04107856025463399,0.06175039579304032
30,15,152472699.6170467,0.9177196513838005,4.3861864716857974,0.03230212901324108,0.03232120223888111
30,16,75735952.50562224,0.5986598810757555,4.438388569986037,0.044350199886052113,0.042037147676209696
30,17,57368701.28246761,0.6517497732184809,4.887491076485667,0.06384557616921663,0.04127617291415424
30,18,86309608.80910145,0.5463491835730229,3.6980759936336423,0.04402644224097651,0.06013203261628925
30,19,86865309.4858668,0.7283202011499297,3.5917081526819223,0.03883750679301842,0.061178757385134216
31,0,114264197.93911058,0.6451573375718778,3.504217941350965,0.03982614549882155,0.07921570058909194
31,1,102897185.03408264,0.9858825682369993,3.4150930006211038,0.0334064984852131,0.050835051178400356
31,2,72697797.78324278,0.6679183122721136,3.1689154396763914,0.03689169007770276,0.05061153248438484
31,3,61144997.71724567,0.6931824415015603,5.173994169363283,0.05715601999624294,0.05816280662351548
31,4,83023390.13647428,0.48029791268264616,5.003396726771658,0.045821034866288524,0.055499446475593225
31,5,53874576.58441769,0.808679130873879,3.6872424695195622,0.04635733886155441,0.06007337675872397
31,6,57236232.736729726,0.8963112886929905,4.1406169310500625,0.033074325119100585,0.05762739698864899
31,7,72121191.34443472,0.4681943836664571,4.862449386120389,0.05152333193801841,0.04097520754741715
31,8,37332883.752295665,0.8872318077344007,3.8874709813112647,0.028519372070723133,0.05814789268931457
31,9,48124383.42573986,0.9197549413266262,1.3509998669983,0.03931179912409932,0.043840164369552355
31,10,91321526.79123309,0.35919486218974606,4.436734348795035,0.05525309346863336,0.059476529726838145
31,11,87331259.45543502,0.8426508538969734,3.510840950138876,0.045630544987512484,0.06667453987649684
31,12,28040514.887067996,0.9249528137970002,4.496400427835352,0.05534616647485517,0.032342851133357754
31,13,69670618.07785368,0.8136608692841272,4.172685542794749,0.03626356889313377,0.04924562236005217
31,14,66569894.47447286,0.7976505392508147,4.1456634327359385,0.04538521370945066,0.05862447878943901
31,15,93770786.9751517,0.7491252585078498,6.796543248082108,0.037507983976085374,0.04722524258387734
31,16,66693498.62364749,0.6507022005724311,3.3191417723769776,0.03365569964108803,0.030985947200574286
31,17,60109141.08019211,0.9013673196588452,2.7765126980245753,0.07495344415614329,0.07554929197489021
31,18,79551958.16903268,0.49099750045225343,5.790846749791673,0.08155720017226768,0.05804307864681939
31,19,43626054.12895257,0.4695394186791532,4.543871597281049,0.03190593973741802,0.041794612709102036
32,0,56403358.93931765,0.7419288809500231,4.51269024663489,0.0517467642241006,0.035384456114793066
32,1,82986997.17103928,0.8792788160298387,4.705488989520686,0.02660147550487196,0.06265317921598693
32,2,63518463.832108006,0.6066136337063691,4.816110313982591,0.04176971811195325,0.07020168891920775
32,3,65974034.98578223,0.8154324003141359,4.996175452866866,0.04681297052886517,0.059253437804642706
32,4,79204830.09846082,0.793349263587654,2.4818330920467844,0.04216382555582789,0.05451992086298167
32,5,48436044.65507809,0.49458224130327033,4.555952211352822,0.06119377193879428,0.06598420008701533
32,6,46258163.15520148,0.7757568231206492,4.436111041633106,0.026145876212187443,0.035614311490011916
32,7,70471226.87943068,0.9299325053261798,5.7195878430488385,0.0796220546252025,0.06340832384295825
32,8,63286524.702287234,0.38776839191466794,7.038755796075005,0.0619180125598777,0.06066796182041839
32,9,50305201.622240126,0.6791392389016082,4.9623643039232235,0.02950580184262812,0.04408834789131766
32,10,84023165.36874563,0.8778335602329631,5.113678795409246,0.044971792246747654,0.05034429799574268
32,11,115530273.32065341,0.9252340532966598,4.236442617699102,0.04396786509691607,0.06011374276738965
32,12,45159296.55179529,0.6478853953934356,3.2993691790111295,0.03621903165942154,0.047890501620767814
32,13,76431148.61245976,0.847259930846048,3.643205883318385,0.032231205736397615,0.07343728879017666
32,14,93518991.89322285,0.9689077462740228,4.970474539900491,0.055201476117460846,0.07566080292543025
32,15,66957585.84937152,0.7597195560964465,2.5962520265373596,0.03464947314410064,0.048186698977970815
32,16,51113939.90622618,0.6609579782627433,4.27726687823154,0.052584176095244295,0.051392548366416185
32,17,90011180.44143899,0.7826241034143673,4.223355786989041,0.05593080982255579,0.06251061370908545
32,18,46252692.40392751,0.47190598737762846,5.442230768075543,0.027967894214605736,0.06917067429169879
32,19,39961979.54891571,0.46686193793571107,5.096563488463313,0.04780982081165665,0.05809389174465052
33,0,62959947.36878079,0.4281493320776093,5.546998202571665,0.056841094130354895,0.0643918529964749
33,1,83147312.15474589,0.6485736169426629,3.971893187295442,0.07372619875129575,0.04773277880281823
33,2,76526561.99471712,0.5761495208352674,3.3661324588772885,0.03239742372562554,0.06636542798137154
33,3,133327503.09905599,0.7295663418628456,4.622907372862694,0.06320020449324683,0.06927220111670854
33,4,64563873.54960185,0.8770754648020885,5.68594128372319,0.05827775867881554,0.04786544914385874
33,5,135106267.48445842,0.5482487962617917,3.32105368959889,0.02989420292004986,0.07719738047623613
33,6,61165271.997888505,0.617855433153948,2.1821566723519603,0.04398174467818698,0.07133243694951438
33,7,35653777.4067467,0.6666932380137824,6.927107285597881,0.031927541686865915,0.07658279309465188
33,8,82105793.70867176,0.7265892822622823,5.822959817241669,0.029657323987694655,0.03531087241882176
33,9,93825698.700415,0.7368642957086314,4.645488653612452,0.022248666033006858,0.06162856098929936
33,10,50258978.734134614,0.513960616940443,3.8222359786770883,0.044549732721024825,0.058654807067075806
33,11,47167406.066645525,0.7989631098415616,3.8980457323537165,0.04248039436961066,0.06729425811475116
33,12,57680574.466106094,0.8349612353439038,4.5063876079525285,0.06956935347550207,0.045312978046842346
33,13,74242204.85611765,0.7192900191011281,4.484266282803995,0.03706853280959146,0.050001249789220645
33,14,97658830.90306604,0.8926001145338114,6.333038477708706,0.05748662841619171,0.07905559678101375
33,15,59078026.54684287,0.38337917993004583,2.5573616480637718,0.03179118445481797,0.044085026574931505
33,16,84166027.8646885,0.6907479006012578,2.384297286919285,0.058221589554172726,0.05594071245769
33,17,87978033.67223775,0.5415822693108745,2.597694452870682,0.04114000655433469,0.07809078707001396
33,18,80373768.43627116,0.8600146325977425,6.133081904972464,0.02489784336881553,0.06354606802769808
33,19,96340996.38673666,0.563081622839796,4.285978278586917,0.04027448176791714,0.04513774291228261
34,0,51102673.67411991,0.5004312351568433,2.6910225602654707,0.04480670907370549,0.0766373038003729
34,1,98692991.8459734,0.7418179478187746,4.887837116230449,0.04712792425807439,0.055061659476313814
34,2,38572247.186034866,0.6368947066807737,2.5772703271788067,0.04034822800657189,0.06491211369945951
34,3,70025978.64374499,0.4534065565120761,3.6295268908461122,0.04836447409020842,0.054476439966523876
34,4,109325066.78549072,0.7112812326668317,3.2242215478134924,0.03908476099370271,0.07576306257720353
34,5,79754372.36586085,0.7515004782157026,4.143426315323829,0.03531374050305446,0.05740298049213163
34,6,56255301.91722819,0.8728731774100983,5.564028090487316,0.030327607257311585,0.044344691191615694
34,7,53058505.00844534,0.6151776880360148,6.79054843014836,0.033002769317815976,0.052145441566041485
34,8,49187549.56954802,0.745464769638254,5.440511720877359,0.045307885613151855,0.032948788519498055
34,9,83135664.05913933,0.8526464673377429,3.191208030756858,0.03262289723031574,0.04312862305800775
34,10,44985327.0161695,0.6575270584476361,4.982838418103787,0.04091364469565798,0.06113570070438572
34,11,110636657.99809127,0.6337551940747915,4.589977461587804,0.06251569784299109,0.05953868743187674
34,12,44233495.998451166,0.8837410449256542,4.3075480368656835,0.02670282144652537,0.05092653885183266
34,13,71612824.53045592,0.8232447122770614,4.447859238589289,0.04284932670850237,0.06285848792120849
34,14,41374104.760935135,0.5438372809296376,4.6590836518747825,0.04556098446587765,0.038245770430430676
34,15,40564069.070472814,0.47499354258004134,4.904991766582607,0.030151158962807807,0.05102840050186562
34,16,61638147.13469251,0.8046345544943888,4.79553370979263,0.04726982266763981,0.0567209476120923
34,17,38366153.86628829,0.7978291846108633,3.572165859788548,0.04748864119454726,0.03486063188924697
34,18,40420342.61121459,0.5907369455380947,2.6234223704136905,0.049112547242978276,0.06080436209705862
34,19,63526227.8314152,0.8755260295051468,4.964995017377353,0.04722228206294505,0.079837833657215
35,0,43058192.2229305,0.7746878676721692,4.275120934915219,0.030265106151324217,0.07407815999321912
35,1,70289677.31134409,0.7495687752324108,4.274132974449683,0.032880821163948325,0.07478360423546214
35,2,57468647.35387435,0.7808612739388852,4.394449138822587,0.02792209077489178,0.0620170310562242
35,3,68377885.12045032,0.6209973661068112,3.6803092713491865,0.06299228653259532,0.07837066568491813
35,4,56158669.33067039,0.7221631758796415,7.541991295319797,0.04314999265593516,0.054660466643389666
35,5,33444881.63799646,0.6224185314611624,5.670165055896879,0.023920806585737392,0.050664624947640215
35,6,141422971.79025334,0.4829879520585801,5.035365392687744,0.057570322683059214,0.03187779117101706
35,7,82965138.11566895,0.5841051423642949,5.855497025072951,0.022452288128853783,0.0733029357591918
35,8,46810256.987830624,0.47329676421563943,5.432554151130634,0.048817383182577806,0.06453524065106503
35,9,61281662.07155579,0.4875495779422322,4.954652294424209,0.0438610990998254,0.04980733725441501
35,10,73623731.9738545,0.7728517431679943,3.7238893002245144,0.04768510948615137,0.07151734203067805
35,11,76626900.95008294,0.7872229296421024,2.525038593493184,0.04572402210148319,0.06968994888248814
35,12,92236648.70997201,0.7469682009589867,3.307578096188802,0.02422968557380793,0.03869937795348007
35,13,113626459.61857553,0.5360730740088907,4.177169002528017,0.06273584677145848,0.04491869953325663
35,14,158369466.29937235,0.840024509922978,4.165685072632555,0.057462541344168956,0.039921966831613115
35,15,66195510.58189451,0.45826861092089466,4.700082203560031,0.032093964254384065,0.04097367146140454
35,16,18760010.711212177,0.935958591170226,4.490506811850328,0.035480400121704045,0.07103896885205832
35,17,79318377.45668966,0.7476953025738532,4.681616320388089,0.0432215800418833,0.06672169150894154
35,18,52831590.20366388,0.9813252071592844,6.144893408969974,0.041283778383429615,0.0444708066778013
35,19,31221103.704329815,0.9560928886359303,5.418834631070531,0.057251283519999266,0.04405063037507642
36,0,85281924.37708297,0.959451006187807,3.616790519772274,0.03920519358682836,0.037902514555942304
36,1,74765915.30052356,0.906561025743742,3.482602142733794,0.03852399012928372,0.06885763747035048
36,2,16793713.357175566,0.9226992465650492,4.083082595416567,0.042415382647412375,0.06989122619133145
36,3,127139661.2365314,0.5420691202457533,4.434782321839114,0.05687594944608834,0.03523988445716976
36,4,74548775.92475025,0.5520289663350921,4.1660189283460065,0.025700807052885945,0.04464513689561835
36,5,53376439.51154982,0.6490260920787327,3.6264234175630614,0.061570316780202076,0.07086361096391389
36,6,66403476.10728219,0.8463820879350622,7.227190789071997,0.043352396472923285,0.04199052721518898
36,7,77372925.76650803,0.5755795615633138,4.126911993512913,0.03640057520136907,0.031863744399651936
36,8,61837823.12001578,0.39266589116457906,5.186874129635223,0.05313177506039507,0.05289805050830904
36,9,55659093.017631754,0.6966636418669635,4.040807686962958,0.02735681464289032,0.030721740138951105
36,10,60508366.63196205,0.33790710013029857,4.030562996015207,0.034679256403056115,0.06104318537922078
36,11,71374895.553781,0.779111809385982,5.611652097399896,0.03234797754554367,0.06778482547121262
36,12,37107239.06097125,0.6804651875960165,6.226890100183464,0.05078335085609178,0.06335473797778315
36,13,117088620.2374081,0.6428465603923025,5.278279005559242,0.026347331535818468,0.07816896748592606
36,14,58823874.442047946,0.6452581519318629,5.939004562412648,0.05852286006952835,0.052773818922086886
36,15,79642163.26059906,0.7242598127673947,5.0528904121421565,0.07467146992450266,0.06800343854104453
36,16,174794420.51700225,0.9099998344525732,3.8974498452714252,0.03357027447506758,0.06719246965500107
36,17,104352908.90436834,0.8252533008557941,5.439021816806878,0.06496344191083857,0.03758428085582457
36,18,144668638.59474826,0.6978124708740409,6.897946780009601,0.05819635258204146,0.07383286224174807
36,19,60208415.83173742,0.7244447415106245,4.561677425180511,0.036943435041178724,0.07983335190710086
37,0,52621877.24236784,0.46310891708360646,4.563134491093657,0.031441918316646986,0.057251737287155505
37,1,113427187.75943753,0.7834363220414742,5.133622415633427,0.044788205054890375,0.07434029696403158
37,2,69379464.20842601,0.806249544948006,7.75265612261566,0.028401591843445685,0.04130979499772644
37,3,44774031.21226968,0.6353416253432597,5.134722656349479,0.03311973843505677,0.056173339331554065
37,4,65134321.52714328,0.7710798606964182,4.794425938286899,0.048963427359137744,0.034164461019230055
37,5,36272604.798926145,0.6219124170988055,5.512013870309974,0.03122377711378987,0.035824030796660494
37,6,236927410.071657,0.5530117353945236,3.4059764684061156,0.05151729681832117,0.07223650289405342
37,7,107893469.54269935,0.44999464319571103,6.789163164530431,0.05880119146891888,0.034241890479072216
37,8,63465314.07769465,0.6822313333271666,4.260144495482031,0.040148623996073385,0.07315757650804237
37,9,65757358.579513855,0.7864820770473941,3.5995496300082253,0.0638975718649048,0.04224904294950811
37,10,63700883.20191338,0.7167511154720428,3.9222719725313895,0.043036270760847886,0.0464596835532617
37,11,28076683.805265,0.8432178876970435,2.736170980671438,0.043594155408363394,0.03479397688505427
37,12,71218743.32581946,0.5869216550877844,5.228079812894071,0.016643313076823745,0.07023542942905935
37,13,43951980.17242984,0.4960186652331294,5.345491700469061,0.05125211744892496,0.030197298001359722
37,14,46406521.08326469,0.8830830724618631,4.301761009043476,0.03960696272086519,0.06012409989767521
37,15,61917496.049347915,0.7186299613526352,3.727493263401232,0.052675855724929534,0.07953123866842476
37,16,75426731.51298836,0.8039355912612631,3.737036932142843,0.037221164616995865,0.06302838966037552
37,17,47540972.57946107,0.8036933136491008,2.8863063044203043,0.051455890447159376,0.03680361559167206
37,18,93244194.6163824,0.7103374842651466,4.018801825437139,0.028463967022530626,0.07948846166912224
37,19,63176772.92625985,0.9059189675390589,5.821431040055038,0.034866822820867546,0.07230252485892413
38,0,69872708.71809766,0.7290773862112166,5.363130284304386,0.028842519341297813,0.05181794737162821
38,1,42560684.419675946,0.5306190992740646,1.3887401815172775,0.0755200615284707,0.04557995274377784
38,2,149189087.41003054,0.7814152717745927,2.8529829393907233,0.05146807938846057,0.06343499435374655
38,3,135544906.4686353,0.8708603359512701,3.877385624062587,0.0468565246703399,0.03455847677663762
38,4,97603769.86785452,0.6561105644615065,3.649786215817298,0.034459149178419794,0.04785086495003009
38,5,74251185.85254613,0.41115074931861495,3.6347254622414487,0.03754990178286919,0.036920139950810095
38,6,69605127.34303725,0.433120947089649,3.1462239154895197,0.03526206401943129,0.031403500595697846
38,7,146039304.14247653,0.8419616527064803,2.757953503481522,0.05153583275603785,0.06282085618303668
38,8,109825021.75031583,0.6902940498316461,2.7357412534830257,0.05083434043929443,0.05523326389235861
38,9,42992880.61334268,0.25209969558320794,4.926451452804116,0.07343179220374374,0.03658383760185788
38,10,96140519.1792279,0.8005891973832698,6.044510711936294,0.03362485572615177,0.06612644111666205
38,11,40956100.32913849,0.410223319102582,4.074662404828461,0.029887727599247547,0.07760158492766123
38,12,73635471.61713004,0.7528953821872829,5.156351418019246,0.04983424036279387,0.04154505097056886
38,13,63929056.12690326,0.9783283961143714,3.0581766408975346,0.06810739156212008,0.050152439133513554
38,14,48297085.54444111,0.8840616332565884,5.514810442143987,0.02276811387342218,0.03754598776646957
38,15,98333399.19422401,0.5543535261724333,4.223836568266035,0.03871685749854025,0.0777352455953016
38,16,38626940.55322162,0.7379160020473521,5.164993782098608,0.03256215050563078,0.055398292172498115
38,17,119183710.41207613,0.6837872014074173,2.543210853300719,0.062239144542327374,0.05162892149790771
38,18,98980041.62836377,0.6949498440568517,5.95574790055856,0.054922365956547155,0.04421493422057587
38,19,89027887.37634523,0.8107626271387034,3.667904002599177,0.0636438171776463,0.06292855811730522
39,0,66200821.19618688,0.8322803163802137,5.572582024269101,0.03341148196590667,0.03683259850389882
39,1,65930696.2142903,0.5636163147600913,4.214779633913664,0.038723460951692226,0.057843353396997116
39,2,43371333.45218218,0.6897809796707449,5.971841694727915,0.06491692781182071,0.07811069278088029
39,3,46677088.92633842,0.647924573938181,5.3620175535970045,0.055143837524300736,0.05671429410717028
39,4,71683846.22383139,0.8054897725395939,3.319703403687827,0.03442645314858984,0.06347400941065143
39,5,57724424.79286241,0.8540726684971142,5.857664114349972,0.03980506106669621,0.05055765689498026
39,6,76238423.67622699,0.13452745895686613,4.3570499595404035,0.05094962395692927,0.07271655158222964
39,7,96977265.99119692,0.1529881643407221,3.1144777040739005,0.04435849195533564,0.06450482598563739
39,8,107512908.31880833,0.7861648600913491,6.283380775032594,0.04204718451167644,0.06336476380080998
39,9,41529260.60805575,0.48042996274401223,3.8275782090933586,0.06529518906360934,0.06575620117285089
39,10,59697178.19605783,0.3067292335479066,4.084605517638362,0.059572212557655324,0.0795885067126352
39,11,82365198.94673808,0.7902508392906582,6.613082863353129,0.07313325917905683,0.06786864332732262
39,12,53066099.788947366,0.8678491441652567,4.623227725145359,0.03505276596372319,0.031027151726407194
39,13,183148036.6659673,0.568155023120378,6.227202925453652,0.04282669250818709,0.052098856904270366
39,14,32168878.751786344,0.4716630498209075,6.006692839103259,0.04113376217671914,0.06864976975506891
39,15,46849831.49348189,0.8989361102587465,4.925545392930027,0.037988232871976314,0.03896851960313519
39,16,65894975.30151448,0.4792915580737331,6.367219592339973,0.038516804407848056,0.07844874516205205
39,17,88074129.59596863,0.7791322066930512,4.541647280570547,0.0348384369124668,0.04370337993478609
39,18,130198285.51610792,0.3731214909408877,7.04444429885103,0.03560989994831513,0.05528279448201079
39,19,50411466.772499435,0.6471868802951796,4.430934405040897,0.03625749003462638,0.031776495901451124
40,0,87845062.28492166,0.29836170032092435,2.693846468795216,0.03469979783583265,0.037996379593421566
40,1,63839790.61078886,0.5763008421664905,4.196125556859064,0.05786752200145958,0.03590631133072618
40,2,43522834.12901574,0.9000892888757843,2.8421049917651064,0.03860529067086789,0.06496561878470547
40,3,55174784.27932923,0.8117911347001973,5.583268676995007,0.041663804175959294,0.07844562417611428
40,4,57892084.30778561,0.3268476741302157,6.768876211321447,0.039612745693976874,0.030174749055467354
40,5,84846785.41447774,0.3711549497311487,5.657615272996341,0.029010208152857354,0.07997590550904747
40,6,34023345.771889456,0.9132160914977075,4.256676773203418,0.06466983559174988,0.04358478736363351
40,7,71289782.2279602,0.7041681661049614,5.2304188954965465,0.04286478894480863,0.06576025021610732
40,8,63315551.98892664,0.49889507059464155,3.95573810723326,0.06322547649629094,0.04224434742402034
40,9,74494250.18741515,0.7096441836021791,4.654850794304682,0.04414071029977223,0.06209066120896105
40,10,94256493.21468073,0.8576315928962028,4.593553676952048,0.028135482027779383,0.06962334405193052
40,11,69612357.25990437,0.8225502309407801,4.6964667060696215,0.030163978811360057,0.04030469531652203
40,12,46314996.09551172,0.8118098804800238,4.24148813581745,0.03342279658090148,0.0630329407558566
40,13,130849390.80426589,0.7981675034825304,3.578453479511819,0.03236301355103776,0.06940220168491551
40,14,55510694.23054903,0.5949588712699422,4.451104370619368,0.05288656089771593,0.07031102903874151
40,15,160197509.46676862,0.481756875922742,4.695684249519242,0.054591454909371014,0.06415261085193621
40,16,68550038.65024137,0.7801681565873986,4.996167951726605,0.03911248974286424,0.05968931134665879
40,17,36681284.78067821,0.5349809323955954,5.778335246039039,0.051090359803713986,0.05255336957272293
40,18,83750983.89359342,0.6191940252624359,6.025286245032171,0.02016641922041048,0.06608948706528614
40,19,58100441.09206175,0.9492144562329713,3.094265776768477,0.028944803978840423,0.03833986069119012
41,0,57812606.25427224,0.43035030664897617,3.979853604266562,0.040281022989651034,0.06133865378376071
41,1,128983903.6440445,0.7754356431873313,3.7107766694490376,0.04155824581360612,0.05119791855015835
41,2,59738868.01152548,0.693790507030038,5.053864701553534,0.035603890306075504,0.07270418827376338
41,3,83172006.6179021,0.8617577397118633,3.6537705492848085,0.05934612963251469,0.059928489614857895
41,4,41481026.25911359,0.595604188941381,2.576399902165874,0.04721176510091535,0.0527731650086571
41,5,54914118.310501955,0.771281865585652,5.513485031659775,0.04440344501658691,0.0699364369614244
41,6,66658235.38843972,0.6564292220030905,3.7672711244404438,0.034830742678524644,0.04586242989473672
41,7,61995412.06655227,0.4765379871905432,5.270052778816624,0.04358116353035788,0.05323432088472406
41,8,38350462.68833936,0.6256302968288088,1.5000831311011247,0.029466244786632328,0.04903314638508205
41,9,67359445.11101462,0.8402379757879092,5.825020058603632,0.034148618910341,0.06791278910024305
41,10,42469500.96578927,0.902801657190414,5.1115809158475365,0.0378087140002697,0.039502044424607655
41,11,50540751.3171499,0.8258355356171244,4.593168691832603,0.038605248832563964,0.06864128572487392
41,12,71093628.03492945,0.7225392690219231,3.8196019968705097,0.029802151431264884,0.03529103763522616
41,13,66178092.56085059,0.8178368896106597,5.483287345037754,0.035354684469211535,0.07682254573542444
41,14,42391615.09621942,0.824770783314001,5.785958207866887,0.023679781142372666,0.0672345584688073
41,15,174535744.98154402,0.5059667398832308,3.997937916460892,0.0520020431172516,0.061808596654268556
41,16,45609980.18848587,0.8852495744546839,6.891291361002384,0.03361684481320081,0.03398833212427808
41,17,173885306.44172093,0.9115348812117687,4.021242269607701,0.037610577191556055,0.04684634238510543
41,18,91124418.60400459,0.33698683459648515,5.026767168501822,0.028167564258610556,0.04623783218776173
41,19,53796718.595664866,0.7033023386264736,5.639615883379631,0.03220632948824773,0.05836289079136185
42,0,38646862.283529945,0.8452829724277406,4.087525594154575,0.051840020624277616,0.035435851984317965
42,1,105709981.84297828,0.8194729420286909,3.1244389131255974,0.03574760546464759,0.043216361213751615
42,2,30562182.484781567,0.5609235792335427,2.8237525088606565,0.04679163141061374,0.03619501728916551
42,3,102365637.84692691,0.9370452323166847,4.379389395822962,0.036908435141396814,0.045858484732911944
42,4,83328331.4439757,0.6532466091702601,3.295364899658982,0.027037041924990766,0.06013922835509915
42,5,48096996.30712814,0.8514071169252279,4.895883457912753,0.03717716710052416,0.059728435255848755
42,6,65254899.852022044,0.7245792329573713,5.219792130552781,0.039987207173326704,0.07560685024499122
42,7,54759205.89123135,0.3548334353083143,4.034627177550872,0.037250295848432036,0.06533742917987946
42,8,56994651.323896065,0.6810647023591253,2.8219297071719973,0.04761799537156762,0.05982902276901457
42,9,66446010.112262174,0.5412898331790922,4.3862297287320136,0.028145981605749996,0.07835360997484792
42,10,104213696.6362042,0.5032264973192323,3.1737541910189777,0.024025598719686153,0.07545620355339083
42,11,36694768.346176825,0.7373726647299057,3.631998408561322,0.04156697571072504,0.05988190844799214
42,12,57116612.472826086,0.552114427446101,5.760640379887802,0.039283366706127594,0.07103558420558717
42,13,85875142.7567962,0.8125800869033999,4.031753647000163,0.04526900869400218,0.0458427542889962
42,14,66985744.75605824,0.6110280058484822,4.433966440331645,0.0424342840601548,0.07534776116212813
42,15,62363864.41641811,0.4498132529614261,5.9065355129720345,0.022510447527072385,0.06715757217025262
42,16,55967603.663987406,0.5391450207374128,3.134083218869744,0.04595416491425063,0.030064497222816105
42,17,75451733.92091368,0.7026778607528928,3.5515336155813317,0.05093770833315685,0.04907708253139481
42,18,57592507.169019684,0.6122247817586945,6.764809135507136,0.04054841955140733,0.06060572179575869
42,19,55515147.140986934,0.4927500950871358,5.073936840876213,0.04062957115151799,0.03513471950753213
43,0,121883174.57421489,0.6711560187177728,4.6762502077461825,0.02644362804811084,0.07811726008753561
43,1,62974194.135667846,0.8362418642332292,5.411708367621772,0.031343386653226016,0.05146854378500891
43,2,65687478.18069004,0.780665208780594,4.045994358571317,0.03810462831040308,0.03061680822246029
43,3,62433704.70257596,0.4562851601391125,4.050621732617018,0.026930672584559254,0.06539006992959265
43,4,63278534.189006805,0.7141522719795195,3.259805362247512,0.026303847467566383,0.07967328451401849
43,5,113004142.30825529,0.8020652848228306,3.268701598882421,0.04124474279689817,0.0678374906225466
43,6,166602640.11006367,0.6941335698119752,2.544436691418846,0.03165862635807911,0.0684517113852308
43,7,55570592.59536665,0.4858847889083925,4.259744628453001,0.0557849687863601,0.04280581338573107
43,8,44377464.100294285,0.727526441595105,2.8182586227309843,0.05202196327329906,0.03736673002177719
43,9,70840013.23731117,0.905041818502692,4.268968116572091,0.03966486608288703,0.06450126561153052
43,10,29231746.886669848,0.6579783266248359,6.846583852756546,0.051190573840566356,0.07988786571164302
43,11,89228380.76046231,0.7452170768081005,4.253721393675159,0.04025982585499452,0.05111751843458588
43,12,84182754.67153071,0.7009790635562737,6.249344033653683,0.04460488179015985,0.03474405893358342
43,13,39956618.064377025,0.8600928156084687,3.097638136812754,0.03738130882095929,0.06673517444497928
43,14,31114233.076245606,0.5112976896239171,6.43155726843796,0.03446395709453476,0.038272981819755816
43,15,40273258.473706365,0.8166829477880981,3.7044407436362956,0.02832784199869603,0.03983995939207047
43,16,75126421.82040577,0.5992805828456622,4.127885629692683,0.029799412373572115,0.030286545035656066
43,17,79261243.4973104,0.7067535095955964,3.586759315647857,0.05039376698572082,0.04784138363289868
43,18,34904018.40616325,0.9075236817799961,4.018747419097092,0.036225594336450895,0.043543155864767716
43,19,50393282.792391956,0.9126912503096686,4.648818382326726,0.05868427018493123,0.06462767726489524
44,0,89248527.42857873,0.546352918875392,4.1852608547807275,0.04745287208500346,0.03868254776458344
44,1,128587844.35391724,0.8091817987309478,5.167870953711987,0.03187276610971765,0.06454433982156427
44,2,39146672.313064925,0.9713008426235274,3.9896577633622687,0.042524649397655274,0.06296429307096751
44,3,87789426.34196697,0.6849212926759316,5.1267930514255164,0.07348974957636442,0.03983849117496073
44,4,31886712.651876986,0.7437711532204107,5.773308309123095,0.03315559914615502,0.05845208885792176
44,5,59335823.14597543,0.7377708021889623,4.39731278425365,0.04610497074677964,0.06933779360781187
44,6,96443016.13196555,0.5141661123550213,5.207220601966009,0.03687706566718092,0.05241514348792787
44,7,75121524.71455324,0.8397666981684726,5.541681478135013,0.03970765132982011,0.05812148090169003
44,8,50927132.14574299,0.912056535915133,5.498197742515655,0.03459543553137726,0.031052194022865715
44,9,107810192.58250618,0.6196370745526364,5.986991998104521,0.027355558241030895,0.0659329213872561
44,10,99196125.0997257,0.6534620394371372,5.198823128840547,0.04823763072567205,0.05871357349597929
44,11,97572534.12073773,0.9520524400359779,4.733287052328682,0.028915425517309294,0.06435272916268167
44,12,37365270.88340891,0.9506485856492294,4.432189263131651,0.04759270836092804,0.05656607414061146
44,13,47650717.21596292,0.653661027103648,4.271136146630276,0.03590079407330516,0.050125356294720924
44,14,179034648.87424004,0.8777605374844778,3.407953332958623,0.0535423929290858,0.04964409978227011
44,15,55068127.59486606,0.735478249112435,3.9666665714482816,0.04896773466814121,0.040577161349191634
44,16,69295825.02577502,0.8328055184726637,4.664684554761149,0.028005016176864513,0.03660714845906692
44,17,71733942.82196775,0.6929801114066797,5.295734857278878,0.042858383146091035,0.046990716802164656
44,18,134394370.02385548,0.77573726476379,6.352869657600628,0.06177931348020735,0.05444800626389758
44,19,62896428.422842085,0.8106788448213762,3.970610703665466,0.0439667892075655,0.07485549219783266
45,0,83568265.65013726,0.8217336899862306,3.8652899290251073,0.029551654947340647,0.044910789468522276
45,1,44561419.52333104,0.7623123701522739,3.285565198900157,0.052333706188139144,0.05129012782157895
45,2,88240655.51443994,0.8462006577549969,6.047886632114004,0.051274654230339944,0.057470474567006935
45,3,66714488.57348286,0.6797945960792818,3.3569560004451775,0.026154349687994766,0.07277168448185019
45,4,56594906.55457214,0.628091189432611,5.19226237271838,0.03858571159175889,0.05710414598953753
45,5,68726610.6882038,0.770404396653069,4.093853104509702,0.05606520194437826,0.0347578986702382
45,6,50067973.97858676,0.5317777651180453,6.705294756944107,0.03736953925081239,0.035281061075543796
45,7,45042975.41457846,0.9041180730637943,2.9250733773593716,0.04633233800006673,0.059968898386107375
45,8,53729455.19172093,0.8028678806495159,4.622508749865698,0.037186739848682454,0.034475946316915154
45,9,49241064.22797271,0.825960919334423,5.857628582703981,0.035933783935317605,0.032418371309957575
45,10,77708222.50356838,0.7818375563028245,6.734990606462847,0.0469585584901169,0.05091947773317508
45,11,85914398.41817096,0.7643787788418192,7.094330137426203,0.03777988416711808,0.05410553601272122
45,12,104117750.35239156,0.4296595173761158,2.626083545848165,0.04798805679988966,0.06906522586399258
45,13,121562682.68852411,0.40198866668912864,4.268144375090168,0.04580269174992069,0.05400712344143627
45,14,73156971.03357781,0.7080602741125472,3.761162971242187,0.04281632733809962,0.04467956548298564
45,15,52584465.96648042,0.7916659157909016,2.322285901589764,0.032740583738661816,0.07494727301663248
45,16,46620640.26556862,0.8275687432797758,4.481065295552447,0.028308984837667854,0.03941126859481664
45,17,45136267.04061205,0.8733745458925862,5.496477298929051,0.06054985527099594,0.06015933465363353
45,18,85943010.81923932,0.5085604681133661,7.492827379658288,0.03653336257218114,0.04813323289285085
45,19,61668466.70268199,0.9249801695688025,3.260424929161763,0.028184492983781714,0.06902566697881363
46,0,60693590.16780768,0.9531621161426754,4.081087003992099,0.0478215163399715,0.04668175185631675
46,1,113614150.90345885,0.7184437638564916,3.2588869690318596,0.04260631472674242,0.06242030642241612
46,2,38374296.07139582,0.8399605523635829,5.982574316956976,0.04026491243187835,0.07421050207825022
46,3,55049621.09834582,0.6840740760627392,5.227476247061214,0.026941894352876937,0.07271203625968864
46,4,60490993.40380603,0.9342988800024928,4.19216933118888,0.03992199275606516,0.03183174709017724
46,5,67765927.68487473,0.7210423349606389,4.743856514753631,0.026766041268780398,0.030435734866336682
46,6,40054450.95534487,0.6675169293739948,4.517642190335325,0.048399038786924704,0.06953247313504288
46,7,48367221.32233589,0.5073875786236359,3.4066769459147412,0.09454671271423963,0.07528641153154277
46,8,30817783.757470917,0.6378419335664064,3.4060051485974965,0.03539385092282788,0.05999994042798461
46,9,32602965.68271179,0.729757903156617,2.983499616712174,0.043469055831329234,0.03325922289793153
46,10,81790871.31204352,0.925772170449199,4.102960317834669,0.038775003009895885,0.07044662437954005
46,11,49240439.12982825,0.7436235771048939,1.876448105247682,0.05634005582236969,0.03690308644759523
46,12,48735633.360177755,0.8672535845922562,3.1636766020621474,0.039445146323588046,0.0650981444186775
46,13,71445415.56556965,0.8251651905023252,3.173073245741632,0.051252044643081925,0.04864695690441146
46,14,57616697.14021172,0.8408425618492703,4.437065080205399,0.04528741457444921,0.04925001893359218
46,15,99902706.92063385,0.902516832039603,4.019720628112972,0.05243992663935599,0.06808808026610416
46,16,90019627.26682675,0.8392907618744098,5.969275775914532,0.0493238833158286,0.07676010456978646
46,17,70586210.865109,0.2681975593654473,4.641495203599238,0.016491430873892255,0.03869362700327457
46,18,75173466.64801076,0.8029885577111835,2.901459084708165,0.03833636092506405,0.07864525501056813
46,19,31353985.685874447,0.6675446907768258,3.883804498562333,0.023821534277016696,0.06366100135417088
47,0,27539192.891345806,0.7816290455393059,3.628236474565356,0.023485115419351943,0.059206979022125586
47,1,48666273.14704252,0.8552432622284868,4.689956444661499,0.054374310138680396,0.06211488432628646
47,2,90101951.9746153,0.9185023668402631,4.953056224279024,0.04639121998166494,0.06896708254901102
47,3,53224373.298172764,0.7926310179301398,6.562488191698932,0.03706400907811774,0.05188947331692357
47,4,36061697.401977435,0.7928094295615026,4.890053689423559,0.027579117042832644,0.0432974750172898
47,5,44459402.90444059,0.7914407636355062,6.411001960406756,0.04458554450774988,0.049833697373170074
47,6,88902883.19129291,0.6795176548873498,5.30426574838991,0.05109511875418138,0.07554256745215146
47,7,60119343.47830544,0.7984857421561746,3.7685305772836375,0.03198952685307718,0.04336085815909153
47,8,53925458.82228929,0.5163759767857341,5.16526960220836,0.018688248978616796,0.058271784941367255
47,9,52521821.33289432,0.7998639021490613,4.473090830076264,0.061012378548390936,0.048873474154657856
47,10,101362570.45076631,0.9641436491520414,3.9505184470372945,0.0505252627314351,0.05138030036444678
47,11,40872596.43661096,0.740865869575579,3.995855929967794,0.04021767653111206,0.041149464115919694
47,12,65299716.20091676,0.45971294198384555,2.721395401343374,0.05262554862131342,0.05502839803952832
47,13,52858330.99805953,0.9191575655850653,4.479255068530815,0.03977902318273256,0.04355683589463742
47,14,105264448.15981509,0.7948168911462689,5.498558593748541,0.037760009134404846,0.046971262447667084
47,15,88558764.16835535,0.6589865110472817,4.505406078611221,0.04471501218787887,0.04591931235214064
47,16,60871270.40075834,0.9440727370867255,3.9218944231624957,0.05436804472689179,0.042653206584886014
47,17,134683462.1290904,0.7579315626488543,5.531275308588504,0.02733303284321593,0.06429938282872587
47,18,78788370.97056653,0.6543356492917807,2.2393500456754043,0.016564087138994297,0.04636029244762683
47,19,65144475.26191802,0.8112238067427268,4.004296334806928,0.04117529189027633,0.04431798111786488
48,0,47886018.01494818,0.8987397153962285,5.789808210843129,0.03917020350521618,0.06960329375456487
48,1,95100339.76093428,0.7421025730951446,3.7732322980100004,0.04108920903455087,0.054997873009380485
48,2,238337846.80455852,0.7103577260863059,3.600125962343596,0.037398336937628195,0.032166587673025014
48,3,62595455.389551915,0.818496904013737,5.103980836865025,0.04402333109478136,0.07742034808188572
48,4,72474227.33948241,0.5690308153382173,5.638674577300208,0.033962286859488315,0.040967281790948835
48,5,53896014.974797726,0.8170590402632893,4.137704142699701,0.04189147179157386,0.06279410259314502
48,6,132550627.82916777,0.7746680867318474,5.737695675528846,0.06350793236814155,0.0631344119551636
48,7,49170134.899191104,0.4199307105702819,2.824680964431744,0.02754322281042907,0.037049367019833024
48,8,81795694.6362056,0.23693732226823933,6.2875657089487484,0.0495245802815749,0.05140835957033926
48,9,58406134.35802603,0.8622575268884853,3.3271672563684582,0.05633331506160708,0.05201884007923935
48,10,64990019.37847412,0.7044445957674419,5.0276488660975645,0.019437345504972805,0.045283131355552154
48,11,92405512.51886053,0.9155462172947703,4.723459034829761,0.02215748409842345,0.04254534897318742
48,12,74370636.37495387,0.6741852486386493,2.176572767688612,0.042426756106075915,0.03292701431356922
48,13,52099345.80169341,0.7812938440652273,2.7666247906165315,0.043877969187289874,0.04297192678654421
48,14,107359227.12488696,0.5108356671857072,3.1693903424552774,0.08764067888327019,0.03214149995468448
48,15,63982487.26409868,0.7919395903616379,4.218081760454454,0.029165168025856482,0.07791764065752091
48,16,60129049.34613581,0.829510211873691,2.6401850544128993,0.03884459479218657,0.04009944149706902
48,17,104909622.95059602,0.7701206122281938,3.4567098661743945,0.048252383831558596,0.04695535261090103
48,18,61932202.426000096,0.4284213210442204,4.970431933271895,0.04218480191281305,0.03129887799732804
48,19,79290899.77928537,0.5136780274793987,1.1998218095938218,0.04952025948404156,0.06598559738086637
49,0,79149921.39386328,0.7165091173528236,6.4049151937693765,0.029639950973320346,0.06127914872692194
49,1,85948998.87943637,0.784991106956224,7.046637005126694,0.044361717446977186,0.0664764518674553
49,2,105758481.31657419,0.39644170779739674,4.228193704824252,0.04089845428723603,0.07330480864392425
49,3,60841037.26159603,0.493268171668824,4.97455037855897,0.02601182531333681,0.05288914701067597
49,4,84457514.4412141,0.9637496306394066,3.6092800354108263,0.04292727631790817,0.06756686698627345
49,5,59791087.58466159,0.9176193680054638,4.067606895088816,0.028195946154064327,0.07409762608780776
49,6,61454272.65466178,0.665503931286597,4.265940178554682,0.04046740407946232,0.0506471765116453
49,7,65475159.45982664,0.7242341397320547,5.410860678626651,0.03425332124927277,0.054434357568348475
49,8,67281146.6859896,0.9569643991745626,2.8384668623588243,0.026921758091618477,0.05887208212223145
49,9,65550309.0336439,0.7860641020941401,3.617393150828356,0.027415679919652835,0.033254887738026324
49,10,60231001.370679766,0.7785951405524315,3.874397001357596,0.03261848162054762,0.07657773300103224
49,11,82636065.13966365,0.6232124719766728,2.4702670827577764,0.02932160373166005,0.06010974603660908
49,12,50177122.813391246,0.4255599098679431,5.838483195716335,0.031777657416639876,0.046668118347854406
49,13,57029506.018728964,0.7017224411794425,6.583230175032213,0.034691224719767585,0.04780863857177049
49,14,94043567.43432343,0.7861080606382815,4.9137980513724555,0.04870204851628819,0.07121295049773868
49,15,63344810.56642595,0.752759080764947,2.765646062122644,0.04878912921304227,0.04296460046780732
49,16,55647830.99302757,0.624348458543475,4.8810218142034785,0.036206622519342486,0.03463616688381833
49,17,62093758.87303132,0.7921877745870051,2.6500063865008494,0.07544177495705034,0.040737012974360574
49,18,116199579.46292104,0.5284065048508062,6.410658162910865,0.04169885983742007,0.06360115566063759
49,19,58994642.74365567,0.8058840248849829,3.7660850299450583,0.051263761076572545,0.056982302570067346
